basin,sub,sta,lat,long,elev,slope,aspect,s.id,s.edge,p.edge,p.edge,p.cwedge,ba.con,ba.hard,ba.snag,ba.tot,ba.ratio,snag.sml,snag.ml,snag.l,snag.dc1,snag.dc2,snag.dc4
D,AL,1,4924418,437009.75,542,75,15,3,E,E,131,79,0,5,0,5,0,7,4,0,4,0,4
D,AL,2,4924430,437200.594,519,80,326,2,E,E,192,175,18,0,18,18,100,67,46,32,28,21,18
D,AL,3,4924415.5,437430.75,584,70,230,1,I,I,0,0,0,0,5,0,50,14,11,4,0,4,11
D,AL,4,4923998,437731,612,60,208,3,I,E,120,6,9,14,0,23,40,4,4,4,0,0,4
D,AL,5,4923999,437544.188,580,43,235,3,I,I,0,0,14,0,0,14,100,0,0,0,0,0,0
D,AL,6,4924007.5,437327.25,554,65,60,3,I,E,166,8,9,0,5,9,100,21,7,7,7,0,14
D,AL,7,4923982,437120.312,591,72,60,3,I,E,136,12,0,5,0,5,0,4,4,4,0,0,4
D,AL,8,4923976,436921.031,616,28,80,3,I,E,107,5,5,0,5,5,100,11,11,11,0,0,11
D,AL,9,4923573.5,437017.062,651,42,70,3,I,I,0,0,37,0,0,37,100,4,4,4,0,0,4
D,AL,10,4923577,437223.594,629,42,65,3,I,I,0,0,5,0,0,5,100,0,0,0,0,0,0
D,AL,11,4923586,437438.656,606,42,50,3,I,E,168,9,5,0,0,5,100,0,0,0,0,0,0
D,AL,12,4923564.5,437616.812,575,30,20,3,I,E,111,6,5,0,0,5,100,7,0,0,7,0,0
D,AL,13,4923167.5,437445.938,603,87,320,3,I,E,152,8,0,0,0,0,50,7,4,4,0,0,7
D,AL,14,4923161,437240.969,607,53,105,3,I,E,130,6,0,0,0,0,50,11,7,4,0,0,11
D,AL,15,4923166,437035.875,641,22,140,3,I,I,0,0,5,0,0,5,100,4,4,4,0,0,4
D,AL,16,4923167,436832.094,666,25,175,3,I,E,131,7,5,0,0,5,100,21,18,14,0,0,21
D,AL,17,4922750.5,436439.188,672,40,150,3,I,I,0,0,28,0,0,28,100,0,0,0,0,0,0
D,AL,18,4922756,436638.5,659,34,125,3,I,I,0,0,41,0,0,41,100,0,0,0,0,0,0
D,AL,19,4922751.5,436838.5,636,25,170,3,I,I,0,0,37,0,0,37,100,4,0,0,4,0,0
D,AL,20,4922746.5,437032.719,620,27,125,3,I,E,120,11,5,0,9,5,100,18,11,11,0,4,14
D,AL,21,4922753.5,437225.438,608,32,115,3,E,E,141,141,5,0,5,5,100,4,4,4,0,0,4
D,AL,22,4922758.5,437449.562,626,75,250,3,I,I,0,0,0,14,0,14,0,0,0,0,0,0,0
D,AL,23,4922360.5,437662,701,85,280,3,I,I,0,0,28,14,5,41,67,4,4,4,0,0,4
D,AL,24,4922362,437442.969,695,71,45,3,I,I,0,0,18,0,0,18,100,4,0,0,0,4,0
D,AL,25,4922334,437240.594,623,80,360,3,I,I,0,0,14,5,5,18,75,7,4,4,0,0,7
D,AL,26,4922339.5,437038.062,649,110,65,3,I,E,157,8,9,0,0,9,100,0,0,0,0,0,0
D,AL,27,4922339.5,436844.375,668,80,305,3,I,I,0,0,14,0,0,14,100,4,0,0,4,0,0
D,AL,28,4922333.5,436632.969,646,42,50,3,I,I,0,0,18,0,0,18,100,0,0,0,0,0,0
D,AL,29,4922329.5,436434.281,661,15,120,3,I,I,0,0,23,0,0,23,100,21,11,7,11,0,11
D,AL,30,4922341,436243.344,691,55,115,3,I,I,0,0,23,0,5,23,100,7,7,4,0,0,7
D,AL,31,4921966.5,436550.406,713,72,55,3,I,I,0,0,23,9,0,32,71,4,0,0,4,0,0
D,AL,32,4921969.5,436746.719,721,15,345,3,I,I,0,0,32,0,0,32,100,4,0,0,0,4,0
D,AL,33,4921954.5,436933.812,684,63,70,3,I,I,0,0,0,0,0,0,50,0,0,0,0,0,0
D,AL,34,4921951,437163.531,684,55,60,3,I,I,0,0,18,0,0,18,100,0,0,0,0,0,0
D,AL,35,4921962,437350.188,695,80,250,3,I,I,0,0,23,0,9,23,100,4,0,0,4,0,0
D,BC,1,4921205.5,429906.25,345,85,60,1,I,E,88,4,73,9,14,83,89,28,18,14,4,11,14
D,BC,2,4921214,430112.156,369,50,350,1,I,I,0,0,69,9,5,78,88,85,32,4,7,53,25
D,BC,3,4920862.5,430522.25,364,55,270,1,I,I,0,0,37,9,5,46,80,25,11,0,0,4,21
D,BC,4,4920828.5,430343.281,392,77,90,1,I,E,191,10,23,14,0,37,63,11,7,7,0,7,4
D,BC,5,4920807,430168.344,479,65,295,1,I,I,0,0,69,0,5,69,100,67,46,0,14,35,18
D,BC,6,4920797.5,429955.531,425,85,85,1,I,E,144,7,46,14,0,60,77,28,14,0,4,21,4
D,BC,7,4920402.5,429830.469,531,80,120,1,I,I,0,0,60,5,23,64,93,53,35,14,0,25,28
D,BC,8,4920407.5,430023.656,524,72,310,1,I,E,117,6,32,14,5,46,70,28,18,7,0,11,18
D,BC,9,4920425,430223.562,578,50,310,1,I,I,0,0,73,0,0,73,100,99,53,0,7,50,42
D,BC,10,4920442.5,430394.062,503,72,100,1,I,E,98,5,83,0,5,83,100,35,18,7,0,11,25
D,BC,11,4920475,430582.812,375,72,355,1,I,I,0,0,14,14,0,28,50,4,0,0,0,4,0
D,BC,12,4920470.5,430760.469,497,78,275,1,I,E,120,6,78,0,14,78,100,50,39,7,7,14,28
D,BC,13,4920486.5,430955.469,556,39,240,1,I,E,132,7,32,18,14,51,64,60,46,18,11,0,50
D,BC,14,4920131.5,431355.75,648,37,240,1,I,I,0,0,64,0,14,64,100,39,25,14,4,0,35
D,BC,15,4920122,431180.469,612,68,300,1,I,I,0,0,73,0,14,73,100,85,57,18,4,21,60
D,BC,16,4920108.5,430994.75,530,37,270,1,I,I,0,0,9,9,5,18,50,7,7,7,0,0,7
D,BC,17,4920116.5,430776.062,447,72,310,1,I,E,122,6,32,0,5,32,100,50,14,7,4,35,11
D,BC,18,4920076.5,430611.094,507,22,310,1,I,I,0,0,55,0,14,55,100,67,35,11,7,25,35
D,BC,19,4920055,430429.125,493,90,345,1,I,I,0,0,41,9,0,51,82,14,0,0,0,0,14
D,BC,20,4920044,430248.656,523,72,130,2,E,E,80,29,23,0,0,23,100,0,0,0,0,0,0
D,BC,21,4920021,430078.5,600,30,55,2,I,I,0,0,14,0,0,14,100,4,4,4,0,0,4
D,BC,22,4920004,429885.469,607,70,110,2,I,I,0,0,23,0,0,23,100,4,4,0,0,0,4
D,BC,23,4919676,430288.469,631,13,105,1,I,E,101,5,55,0,14,55,100,78,46,14,0,28,50
D,BC,24,4919688,430487.062,631,52,320,1,I,I,0,0,69,0,5,69,100,39,25,11,7,11,21
D,BC,25,4919710,430664.219,647,45,80,1,I,I,0,0,78,0,14,78,100,60,35,11,0,25,35
D,BC,26,4919732.5,430838.531,570,73,80,3,E,E,129,46,28,0,5,28,100,32,14,4,0,11,21
D,BC,27,4919739.5,431043.156,591,0,0,1,I,I,0,0,41,0,51,41,100,127,99,32,0,71,57
D,BC,28,4919754,431205.125,531,23,265,4,E,E,126,45,37,0,5,37,100,28,18,7,0,7,21
D,BC,29,4919777.5,431391.031,585,20,230,4,I,I,0,0,41,0,0,41,100,4,4,0,0,0,4
D,BC,30,4919415,431612,655,28,155,4,I,I,0,0,41,0,23,41,100,39,35,25,0,0,39
D,BC,31,4919391.5,431425.594,662,17,265,4,I,I,0,0,23,5,9,28,83,21,14,11,0,0,21
D,BC,32,4919383.5,431243.156,635,20,180,4,I,I,0,0,14,0,5,14,100,11,11,7,0,0,11
D,CH,1,4929269,435092.438,289,22,15,3,I,I,0,0,0,14,0,14,0,7,0,0,4,0,4
D,CH,2,4929062.5,435092.875,316,55,15,3,I,I,0,0,23,5,5,28,83,11,7,7,0,0,11
D,CH,3,4928840.5,435517.125,458,53,330,10,I,I,0,0,28,0,0,28,100,7,0,0,7,0,0
D,CH,4,4929042,435501.094,386,75,355,10,I,E,76,7,32,0,0,32,100,7,0,0,7,0,0
D,CH,5,4929251,435480.75,288,52,5,10,E,E,69,44,0,9,5,9,0,4,4,4,0,0,4
D,CH,6,4929447.5,435492.812,309,80,145,9,E,E,98,40,5,0,0,5,100,7,4,4,0,0,7
D,CH,7,4929631,435513.188,372,65,130,9,I,I,0,0,0,0,0,0,50,0,0,0,0,0,0
D,CH,8,4929803.5,435924.219,381,65,120,2,I,I,0,0,41,0,14,41,100,35,25,18,4,0,32
D,CH,9,4929622,435907.344,336,72,130,2,I,I,0,0,51,5,5,55,92,32,21,11,4,11,18
D,CH,10,4929430.5,435894.719,304,50,240,2,E,E,117,48,9,14,0,23,40,18,14,7,0,4,14
D,CH,11,4929234,435890.812,313,35,340,10,I,E,122,6,0,9,0,9,0,4,4,0,0,0,4
D,CH,12,4929033.5,435884.375,332,40,25,10,I,E,127,11,14,5,0,18,75,0,0,0,0,0,0
D,CH,13,4928828.5,435899.062,442,77,360,10,I,I,0,0,14,14,0,28,50,7,0,0,7,0,0
D,CH,14,4928808,436300.188,481,82,20,1,I,I,0,0,41,0,0,41,100,4,4,4,0,0,4
D,CH,15,4929012,436295,380,80,70,1,I,I,0,0,0,14,9,14,0,39,25,14,0,14,25
D,CH,16,4929213.5,436292.094,348,57,30,8,E,E,117,90,0,0,0,0,50,7,4,4,4,0,4
D,CH,17,4929412.5,436288.062,307,28,150,8,I,I,0,0,0,0,0,0,50,0,0,0,0,0,0
D,CH,18,4929598.5,436302.812,353,37,135,2,E,E,126,45,18,5,5,23,80,39,32,11,0,18,21
D,CH,19,4929783,436308.031,400,45,140,2,I,I,0,0,23,37,5,60,38,39,18,7,4,0,35
D,CH,20,4929972.5,436324.625,423,80,175,2,I,I,0,0,5,5,0,9,50,39,21,11,0,0,39
D,CH,21,4929958,436715.906,409,71,215,4,I,I,0,0,41,0,0,41,100,0,0,0,0,0,0
D,CH,22,4929772,436707.344,383,17,260,6,E,E,177,41,0,23,5,23,0,42,28,14,0,11,32
D,CH,23,4929587.5,436697.219,353,65,25,4,I,I,0,0,18,0,0,18,100,0,0,0,0,0,0
D,CH,24,4929376,436692.906,429,20,265,4,I,E,122,6,0,0,0,0,50,0,0,0,0,0,0
D,CH,25,4929207.5,436681.625,359,62,175,4,E,E,106,43,5,0,0,5,100,11,11,4,0,0,11
D,CH,26,4928996.5,436678.25,371,60,340,1,I,I,0,0,23,9,28,32,71,42,32,21,7,7,28
D,CH,27,4928796,436674.625,460,32,5,1,I,I,0,0,55,0,14,55,100,35,35,25,4,7,25
D,CH,28,4928602.5,436672.594,513,32,355,1,I,E,78,4,60,9,14,69,87,32,25,14,0,4,28
D,CH,29,4928654.5,437051.438,525,85,320,12,I,I,0,0,5,0,0,5,100,25,0,0,0,0,25
D,CH,30,4928843,437053.281,454,15,345,14,E,E,130,65,5,0,0,5,100,7,7,7,0,0,7
D,CH,31,4929037,437057.219,399,25,325,14,E,E,43,22,0,0,0,0,50,0,0,0,0,0,0
D,CH,32,4929256.5,437065,358,6,250,1,E,E,131,131,0,14,5,14,0,18,11,7,4,11,4
D,CH,33,4929418.5,437068.219,439,60,165,4,I,I,0,0,23,0,0,23,100,0,0,0,0,0,0
D,CH,34,4929341.5,437469.031,445,79,180,4,I,I,0,0,46,0,0,46,100,7,7,7,0,0,7
D,CH,35,4929164,437461.469,458,80,10,1,I,E,126,6,14,9,0,23,60,11,7,0,4,0,7
D,CH,36,4928938.5,437443.5,527,40,295,1,I,I,0,0,41,0,0,41,100,14,4,4,0,0,14
D,CH,37,4928757,437439.344,566,48,360,1,I,I,0,0,37,0,0,37,100,14,7,4,0,7,7
D,DC,1,4931789,430180.469,430,75,140,8,I,I,0,0,23,0,0,23,100,4,4,4,0,0,4
D,DC,2,4931770.5,430379.281,349,25,360,8,I,I,0,0,28,0,5,28,100,4,4,4,0,0,4
D,DC,3,4931744.5,430594.375,367,58,265,3,I,I,0,0,60,14,51,73,81,53,53,46,0,0,53
D,DC,4,4931719.5,430800,340,36,315,3,I,I,0,0,18,23,23,41,44,42,39,32,0,7,35
D,DC,5,4932127,431037.5,393,43,225,3,I,I,0,0,28,0,9,28,100,35,25,14,0,4,32
D,DC,6,4932142.5,430818.5,424,75,160,3,I,I,0,0,87,0,5,87,100,21,7,4,0,0,21
D,DC,7,4932173.5,430629.438,442,65,305,3,I,E,120,6,37,14,9,51,73,21,14,7,0,14,7
D,DC,8,4932194,430403.188,578,48,135,8,I,I,0,0,55,0,5,55,100,4,4,4,0,0,4
D,DC,9,4932202.5,430195.219,486,33,90,7,E,E,216,42,32,9,5,41,78,18,7,0,4,11,4
D,DC,10,4932195,430024.562,429,50,75,7,E,E,83,60,5,46,14,51,9,50,11,11,0,11,39
D,DC,11,4932621.5,430057.062,280,35,340,3,E,E,117,107,0,9,0,9,0,11,7,7,0,4,7
D,DC,12,4932610.5,430247.844,418,17,35,6,I,I,0,0,0,0,0,0,50,4,4,4,0,0,4
D,DC,13,4932609,430485.75,334,30,65,3,I,I,0,0,28,5,5,32,86,28,18,11,7,7,14
D,DC,14,4932597.5,430704.188,226,32,270,3,I,E,134,7,9,9,0,18,50,11,4,4,0,0,11
D,DC,15,4932586.5,430892,301,75,215,3,I,I,0,0,14,18,14,32,43,28,28,11,0,0,28
D,DC,16,4932960,431152.469,323,75,275,4,E,E,76,28,0,0,0,0,50,0,0,0,0,0,0
D,DC,17,4932995,430953.375,293,35,15,4,I,I,0,0,1,0,0,1,100,4,4,0,0,0,4
D,DC,18,4932997,430739,295,35,90,4,I,I,0,0,2,0,0,2,100,0,0,0,0,0,0
D,DC,19,4933039,430526.281,210,3,170,3,E,E,117,53,0,2,0,2,20,14,4,0,0,4,11
D,DC,20,4933042,430319.469,262,45,90,3,I,I,0,0,14,23,18,37,38,74,60,42,0,4,71
D,DC,21,4933041.5,430133.188,354,58,90,3,I,I,0,0,0,32,28,32,0,71,50,42,4,11,57
D,DC,22,4933056,429956.906,425,53,350,5,I,I,0,0,9,0,0,9,100,0,0,0,0,0,0
D,DC,23,4933423,429882.719,393,73,85,5,I,I,0,0,5,5,0,9,50,4,4,4,0,0,4
D,DC,24,4933403,430083.438,339,65,165,3,E,E,109,45,18,9,5,28,67,39,21,11,0,0,39
D,DC,25,4933393.5,430264.156,259,62,145,3,I,I,0,0,23,14,14,37,63,67,50,46,4,11,53
D,DC,26,4933381.5,430481.625,183,87,275,3,E,E,71,29,5,5,1,9,50,25,25,11,7,4,14
D,DC,27,4933364.5,430680.5,297,72,215,4,I,I,0,0,3,0,0,3,100,7,7,4,0,0,7
D,DC,28,4933357,430885.625,300,80,290,4,I,I,0,0,2,0,0,2,100,0,0,0,0,0,0
D,DC,29,4933389.5,431097.031,232,45,130,2,I,I,0,0,5,32,0,37,13,28,21,11,11,4,14
D,DC,30,4933330.5,431316.812,290,80,225,2,I,I,0,0,18,37,28,55,33,74,71,32,11,21,42
D,DC,31,4933766,431143.594,348,45,150,2,I,I,0,0,60,0,18,60,100,184,74,35,21,57,106
D,DC,32,4933772.5,430924.375,298,43,180,1,I,I,0,0,0,0,0,0,50,14,14,14,0,7,7
D,DC,33,4933782.5,430715.906,366,70,230,1,I,I,0,0,0,0,18,0,50,14,14,14,0,4,11
D,DC,34,4933789,430496.656,348,56,200,3,E,E,87,79,32,14,0,46,70,14,4,0,0,4,11
D,HC,1,4932114.5,429789.438,391,80,315,2,I,I,0,0,0,0,18,0,50,18,18,18,0,0,18
D,HC,2,4932307,429776.75,413,70,235,2,I,I,0,0,9,0,9,9,100,42,39,32,7,0,35
D,HC,3,4932482.5,429766.969,447,70,270,1,I,I,0,0,32,18,5,51,64,14,11,7,0,4,11
D,HC,4,4932673.5,429752.969,478,65,225,1,I,I,0,0,9,23,23,32,29,78,60,42,4,11,64
D,HC,5,4932652.5,429356.062,456,68,115,1,E,E,115,47,28,5,9,32,86,28,21,14,0,7,21
D,HC,6,4932455,429344.969,448,85,75,3,I,I,0,0,14,5,0,18,75,4,4,4,0,0,4
D,HC,7,4932262.5,429351.094,403,70,130,3,I,I,0,0,14,0,0,14,100,0,0,0,0,0,0
D,HC,8,4932098,429387.031,349,55,120,3,I,I,0,0,28,0,0,28,100,0,0,0,0,0,0
D,HC,9,4931911,429393.281,333,35,145,7,E,E,76,21,18,9,0,28,67,4,0,0,4,0,0
D,HC,10,4931737,429404.188,288,75,140,7,I,I,0,0,0,0,0,0,50,0,0,0,0,0,0
D,HC,11,4931535,429413.438,250,23,175,7,E,E,90,16,0,0,5,0,50,7,7,7,0,0,7
D,HC,12,4931126,429060.188,325,16,15,11,I,I,0,0,37,0,5,37,100,14,14,7,0,0,14
D,HC,13,4931309.5,429043.312,280,23,15,11,E,E,168,69,37,0,5,37,100,7,4,4,4,0,4
D,HC,14,4931501.5,429036.406,265,22,205,7,E,E,125,34,0,0,0,0,50,11,4,0,4,4,4
D,HC,15,4931699.5,429026.312,314,73,230,7,I,I,0,0,0,0,0,0,50,0,0,0,0,0,0
D,HC,16,4931875,429024.688,367,72,280,7,I,I,0,0,0,0,0,0,50,0,0,0,0,0,0
D,HC,17,4932067,429004.812,382,60,185,4,E,E,59,21,0,0,14,0,50,28,28,21,0,0,28
D,HC,18,4932259.5,429011.844,384,87,180,4,E,E,107,97,14,0,14,14,100,39,32,18,0,18,21
D,HC,19,4932423.5,428987.969,433,68,200,4,E,E,93,55,0,0,0,0,50,0,0,0,0,0,0
D,HC,20,4932227.5,428606.438,430,76,115,6,I,I,0,0,18,5,0,23,80,4,4,4,0,0,4
D,HC,21,4932061.5,428609.781,412,78,140,6,I,E,112,10,18,0,0,18,100,0,0,0,0,0,0
D,HC,22,4931859,428626.062,337,93,200,7,I,I,0,0,0,0,0,0,50,0,0,0,0,0,0
D,HC,23,4931674.5,428634.281,290,70,135,7,E,E,115,26,0,0,0,0,50,7,4,4,0,0,7
D,HC,24,4931470.5,428647.094,304,27,15,10,I,I,0,0,0,0,0,0,50,0,0,0,0,0,0
D,HC,25,4931283.5,428666.281,364,42,35,10,E,E,136,56,5,0,0,5,100,18,0,0,14,4,0
D,HC,26,4931095.5,428668.969,386,27,70,11,I,I,0,0,9,0,5,9,100,21,21,21,0,0,21
D,HC,27,4931070,428289.719,356,58,5,12,I,E,124,6,28,0,14,28,100,28,21,21,0,4,25
D,HC,28,4931264.5,428276.344,345,45,110,14,I,I,0,0,0,5,0,5,0,0,0,0,0,0,0
D,HC,29,4931456,428274.594,379,33,165,14,I,I,0,0,5,0,0,5,100,7,7,7,0,0,7
D,HC,30,4931646.5,428282.125,447,73,140,16,I,I,0,0,32,0,41,32,100,88,64,39,0,25,64
D,HC,31,4931991,427863.281,442,35,180,16,I,I,0,0,46,0,32,46,100,88,71,53,0,18,71
D,HC,32,4931812.5,427855.844,376,50,125,16,I,I,0,0,23,0,9,23,100,46,42,42,0,14,32
D,HC,33,4931629.5,427855.562,366,42,140,16,E,E,108,64,60,0,32,60,100,170,124,39,0,35,134
D,HC,34,4931429.5,427869.25,339,55,70,14,E,E,53,12,0,0,0,0,50,7,7,7,0,0,7
D,HC,35,4931243.5,427888.531,353,52,80,13,E,E,62,14,0,0,5,0,50,11,7,4,0,0,11
D,LF,1,4931299.5,432722.375,322,55,210,1,I,I,0,0,51,0,18,51,100,106,28,21,7,42,57
D,LF,2,4931167,432864.312,303,50,230,1,I,I,0,0,9,55,28,64,14,32,32,25,0,0,32
D,LF,3,4931023.5,433003.719,317,50,160,1,I,I,0,0,28,23,18,51,55,21,21,18,0,0,21
D,LF,4,4930891,433133.594,353,15,295,1,I,I,0,0,14,55,18,69,20,64,28,18,0,7,57
D,LF,5,4930361.5,433117.438,440,40,335,7,I,E,157,8,5,0,5,5,100,7,7,7,0,0,7
D,LF,6,4930491,432992.781,426,90,30,8,E,E,143,33,0,32,14,32,0,39,18,18,0,0,39
D,LF,7,4930633,432855.875,437,40,360,9,I,I,0,0,0,0,5,0,50,28,25,0,4,4,21
D,LF,8,4930761.5,432720.312,381,80,90,1,I,I,0,0,18,0,28,18,100,32,32,28,18,0,14
D,LF,9,4930902,432586.375,384,55,245,1,E,E,66,60,60,5,5,64,93,21,14,11,0,4,18
D,LF,10,4931026.5,432459.562,325,40,330,1,I,I,0,0,46,9,23,55,83,28,28,25,4,0,25
D,LF,11,4931152,432327.938,253,2,230,7,E,E,211,87,0,9,0,9,0,7,0,0,0,7,0
D,LF,12,4931312,432170.438,327,38,160,1,I,I,0,0,14,64,32,78,18,53,39,32,0,0,53
D,LF,13,4931093.5,431842.406,332,20,120,1,E,E,121,67,0,37,5,37,0,64,21,4,18,32,14
D,LF,14,4930947,431978.719,310,60,130,2,I,I,0,0,0,0,0,0,50,0,0,0,0,0,0
D,LF,15,4930807.5,432112.75,248,2,210,7,E,E,143,47,0,0,5,0,50,21,14,11,0,0,21
D,LF,16,4930673,432250.312,345,75,250,1,I,I,0,0,129,0,14,129,100,67,32,25,4,11,53
D,LF,17,4930535.5,432376.875,357,80,220,1,I,I,0,0,23,14,14,37,63,28,21,21,0,4,25
D,LF,18,4930409.5,432510.719,392,80,230,1,I,I,0,0,73,9,5,83,89,25,18,14,0,4,21
D,LF,19,4930275.5,432653.688,435,95,340,7,E,E,229,56,18,37,5,55,33,11,7,7,4,0,7
D,LF,20,4930117,432299.656,409,70,230,7,I,I,0,0,5,0,0,5,100,7,4,0,0,0,7
D,LF,21,4930196.5,432166.75,330,65,230,7,I,I,0,0,28,0,5,28,100,18,14,14,4,0,14
D,LF,22,4930332,432033.219,344,60,290,7,I,I,0,0,0,18,5,18,0,11,11,11,0,0,11
D,LF,23,4930453.5,431893.656,253,65,315,7,E,E,102,51,0,0,0,0,50,11,11,11,0,0,11
D,LF,24,4930598.5,431761.219,269,55,160,2,I,E,126,6,0,0,0,0,50,0,0,0,0,0,0
D,LF,25,4930749.5,431629.812,344,50,140,3,I,I,0,0,0,0,0,0,50,0,0,0,0,0,0
D,LF,26,4930454.5,431337.219,249,50,200,2,I,I,0,0,0,0,5,0,50,4,4,4,0,0,4
D,LF,27,4930310.5,431478.406,226,35,230,2,E,E,130,35,0,0,0,0,50,0,0,0,0,0,0
D,LF,28,4930175.5,431612.531,229,2,290,4,E,E,132,60,0,5,0,5,0,0,0,0,0,0,0
D,LF,29,4930044.5,431753.938,242,45,5,4,E,E,126,29,9,0,0,9,100,0,0,0,0,0,0
D,LF,30,4929909,431887.156,267,35,15,7,I,I,0,0,14,9,5,23,60,7,7,4,0,0,7
D,LF,31,4929791.5,432022.688,321,35,300,7,I,I,0,0,23,0,5,23,100,7,7,7,0,0,7
D,LF,32,4929914.5,431344.469,303,45,330,4,I,I,0,0,0,0,0,0,50,7,7,7,0,0,7
D,NC,1,4927579.5,436862.188,314,75,205,1,I,E,113,6,60,5,5,64,93,53,32,21,11,21,21
D,NC,2,4927441,436774.562,233,48,200,1,I,I,0,0,55,0,5,55,100,57,32,14,0,18,39
D,NC,3,4927304.5,436701.312,116,75,295,1,I,I,0,0,5,9,0,14,33,4,4,0,0,0,4
D,NC,4,4927095,436606.906,240,65,50,1,I,I,0,0,0,14,23,14,0,46,42,39,11,14,21
D,NC,5,4926906,436528.156,325,75,20,1,I,I,0,0,18,0,18,18,100,85,81,64,21,11,53
D,NC,6,4926527,436770,338,40,55,1,I,I,0,0,14,23,14,37,38,39,32,28,0,7,32
D,NC,7,4926702,436864.875,339,27,75,1,I,E,127,6,37,5,28,41,89,64,53,42,0,4,60
D,NC,8,4926879,436955.5,298,50,50,1,I,I,0,0,46,0,18,46,100,64,64,50,0,4,60
D,NC,9,4927068,437053.594,181,87,360,1,I,I,0,0,9,23,9,32,29,18,11,11,0,4,14
D,NC,10,4927244,437147.031,208,73,175,1,I,E,75,4,37,18,14,55,67,57,42,28,4,11,42
D,NC,11,4927407.5,437233.344,315,32,210,1,I,I,0,0,92,0,0,92,100,11,4,4,4,4,4
D,NC,12,4927579.5,437337.281,387,78,220,1,I,I,0,0,69,0,9,69,100,35,21,11,4,7,25
D,NC,13,4927383,437678.875,425,30,185,1,I,E,127,6,37,0,9,37,100,50,28,18,4,0,46
D,NC,14,4927209,437582.531,380,45,240,1,I,I,0,0,46,0,18,46,100,74,60,25,18,14,42
D,NC,15,4927059,437503.188,299,32,190,1,I,I,0,0,69,0,9,69,100,64,50,28,0,25,39
D,NC,16,4926880,437407.75,215,63,20,1,I,I,0,0,55,5,14,60,92,32,25,18,0,7,25
D,NC,17,4926698.5,437314.5,292,20,345,1,I,I,0,0,14,0,60,14,100,103,96,85,4,39,60
D,NC,18,4926519.5,437221.094,339,57,315,2,I,E,155,14,0,0,0,0,50,18,11,7,0,0,18
D,NC,19,4926345,437121.5,371,55,225,2,E,E,127,46,23,0,18,23,100,106,78,39,11,35,60
D,NC,20,4926167.5,437034.469,401,40,350,1,I,I,0,0,55,0,46,55,100,117,96,57,18,28,71
D,NC,21,4926001,437409.656,454,33,35,2,I,I,0,0,32,0,9,32,100,28,14,11,7,4,18
D,NC,22,4926164,437496.438,369,45,55,2,I,E,122,6,5,0,0,5,100,0,0,0,0,0,0
D,NC,23,4926347,437602,285,60,235,2,I,E,127,6,0,0,0,0,50,0,0,0,0,0,0
D,NC,24,4926519.5,437687,336,55,260,2,I,I,0,0,0,0,0,0,50,0,0,0,0,0,0
D,NC,25,4926704,437785.25,264,80,15,1,I,I,0,0,37,0,5,37,100,32,21,7,0,11,21
D,NC,26,4926868,437870.844,318,75,230,1,I,I,0,0,60,9,18,69,87,50,39,18,7,14,28
D,NC,27,4927035.5,437951.156,398,34,265,1,I,I,0,0,41,0,0,41,100,14,7,4,4,0,11
D,NC,28,4927219,438042.531,434,50,355,1,I,I,0,0,51,5,9,55,92,39,28,14,0,7,32
D,NC,29,4927378,438127.656,450,43,240,1,I,E,116,6,28,14,9,41,67,39,21,11,0,4,35
D,NC,30,4927051,438395.344,402,60,235,2,I,I,0,0,9,0,0,9,100,11,11,7,0,0,11
D,NC,31,4926864.5,438308.281,359,80,230,2,I,I,0,0,18,0,0,18,100,11,11,11,0,0,11
D,NC,32,4926697.5,438233.469,288,95,255,2,I,E,115,10,5,0,0,5,100,0,0,0,0,0,0
D,NC,33,4926522,438147.969,298,110,255,2,I,I,0,0,0,0,0,0,50,0,0,0,0,0,0
D,NC,34,4926338,438048.75,282,80,115,2,I,E,125,6,9,0,5,9,100,7,7,4,0,0,7
D,NC,35,4926162.5,437940.688,372,73,345,2,I,I,0,0,0,23,0,23,0,21,7,4,0,14,7
D,NC,36,4925985.5,437845.781,432,45,115,2,I,E,106,5,0,9,5,9,0,39,18,14,0,0,39
D,NC,37,4926142,438399.562,391,55,225,2,I,I,0,0,0,0,0,0,50,0,0,0,0,0,0
D,NN,1,4926978,429960.656,229,80,25,4,E,E,174,53,0,32,0,32,0,0,0,0,0,0,0
D,NN,2,4927135.5,429814.219,185,80,70,3,I,E,101,5,0,28,9,28,0,11,11,11,0,0,11
D,NN,3,4927258,429683.531,213,60,335,3,I,E,129,6,14,14,0,28,50,14,4,4,0,0,14
D,NN,4,4927461,429527.5,175,70,170,3,I,E,81,4,32,0,0,32,100,14,14,14,0,0,14
D,NN,5,4927609,429372.062,238,105,35,3,I,I,0,0,37,0,0,37,100,7,4,4,0,0,7
D,NN,6,4927733.5,429240.5,296,90,120,3,I,I,0,0,18,0,0,18,100,0,0,0,0,0,0
D,NN,7,4927872.5,428497.969,392,43,115,3,I,E,148,7,9,0,0,9,100,4,4,4,0,0,4
D,NN,8,4927720.5,428660.469,421,53,170,3,I,I,0,0,46,0,0,46,100,32,32,21,0,0,32
D,NN,9,4927577,428792.938,371,37,130,3,I,E,118,6,9,0,9,9,100,18,11,11,7,0,11
D,NN,10,4927453.5,428934.406,292,42,155,3,I,I,0,0,5,0,0,5,100,7,7,7,0,0,7
D,NN,11,4927314.5,429073.344,223,37,155,3,I,I,0,0,14,0,32,14,100,42,42,32,0,0,42
D,NN,12,4927171.5,429213.031,223,20,355,3,I,E,79,4,23,0,5,23,100,18,18,14,0,0,18
D,NN,13,4927007.5,429338,285,40,340,3,I,I,0,0,41,0,0,41,100,14,14,14,0,0,14
D,NN,14,4926854,429474.562,326,55,30,3,I,I,0,0,23,0,0,23,100,0,0,0,0,0,0
D,NN,15,4926703.5,429607.125,359,52,340,3,I,I,0,0,23,0,0,23,100,0,0,0,0,0,0
D,NN,16,4926576,429150.781,382,70,305,3,I,E,76,4,5,0,0,5,100,7,7,7,0,0,7
D,NN,17,4926729,429029.938,279,58,355,3,I,I,0,0,46,0,0,46,100,0,0,0,0,0,0
D,NN,18,4926911.5,428934.75,216,55,55,3,I,E,118,6,9,0,0,9,100,0,0,0,0,0,0
D,NN,19,4927015,428759.406,304,27,145,3,I,E,130,6,5,0,9,5,100,7,4,4,0,0,7
D,NN,20,4927166,428616.25,349,43,165,3,I,I,0,0,18,0,0,18,100,0,0,0,0,0,0
D,NN,21,4927295.5,428486.688,397,50,185,3,E,E,122,44,14,0,0,14,100,11,0,0,0,0,11
D,NN,22,4927435.5,428329.094,426,25,145,1,I,I,0,0,60,0,18,60,100,78,57,57,0,0,78
D,NN,23,4927031,428168.438,413,42,160,1,I,I,0,0,46,0,14,46,100,64,35,25,4,18,42
D,NN,24,4926885.5,428310.688,387,20,155,1,I,I,0,0,69,0,46,69,100,177,141,81,11,42,124
D,NN,25,4926743.5,428468.125,281,12,145,1,E,E,127,46,18,0,5,18,100,53,50,28,4,7,42
D,NN,26,4926592,428593.625,331,55,350,3,I,I,0,0,5,0,0,5,100,4,4,0,0,0,4
D,NN,27,4926449,428719.5,354,60,30,3,I,I,0,0,9,0,0,9,100,4,0,0,0,0,4
D,NN,28,4926302.5,428846.594,402,23,305,3,I,I,0,0,23,0,0,23,100,11,7,7,4,0,7
D,NN,29,4926034.5,428554.156,445,10,25,3,I,I,0,0,18,0,0,18,100,14,11,4,0,0,14
D,NN,30,4926173.5,428434.75,434,38,345,3,E,E,111,20,28,0,0,28,100,14,14,4,0,0,14
D,NN,31,4926305.5,428301.625,361,50,10,2,I,E,206,19,5,0,0,5,100,0,0,0,0,0,0
D,NN,32,4926436,428175.594,389,90,20,2,E,E,98,58,0,0,0,0,50,11,11,11,0,0,11
D,NN,33,4926581,428028.531,412,55,330,1,I,I,0,0,55,0,23,55,100,92,74,50,4,60,28
D,NN,34,4926723.5,427904.594,411,55,90,1,I,I,0,0,32,0,5,32,100,14,7,4,0,11,4
D,TC,1,4926822,426598.062,227,71,255,1,I,I,0,0,51,0,37,51,100,67,39,21,7,35,25
D,TC,2,4927001,426717,212,62,340,2,E,E,73,30,28,0,5,28,100,7,7,7,0,0,7
D,TC,3,4926946.5,427168.125,227,46,90,2,I,I,0,0,28,0,0,28,100,4,4,0,0,0,4
D,TC,4,4926776.5,427055.281,284,7,90,2,E,E,127,46,32,0,14,32,100,78,25,11,4,39,35
D,TC,5,4926614,426941.875,187,53,260,1,I,E,196,10,28,14,9,41,67,25,25,11,0,7,18
D,TC,6,4926438.5,426821.188,244,23,355,1,I,I,0,0,60,0,28,60,100,124,88,53,4,39,81
D,TC,7,4926281.5,426698.156,230,51,30,4,E,E,127,98,23,0,18,23,100,42,35,21,14,7,21
D,TC,8,4926113,426583.938,276,45,20,4,E,E,95,74,0,0,5,0,50,11,7,4,0,0,11
D,TC,9,4925704,426838.5,305,35,20,4,I,I,0,0,0,0,14,0,50,46,39,28,4,0,42
D,TC,10,4925869,426943.781,284,24,20,4,I,I,0,0,0,0,14,0,50,42,32,21,0,0,42
D,TC,11,4926035,427059.844,283,72,255,1,I,I,0,0,101,0,18,101,100,96,50,39,0,28,67
D,TC,12,4926204,427176.5,325,45,30,1,I,I,0,0,83,0,41,83,100,120,92,71,0,35,85
D,TC,13,4926406,427252.938,252,77,345,1,I,E,92,5,37,9,18,46,80,25,18,14,0,14,11
D,TC,14,4926544,427398.406,304,55,35,1,I,I,0,0,78,0,5,78,100,64,35,14,0,32,32
D,TC,15,4926703,427504.312,336,57,260,1,I,I,0,0,55,0,14,55,100,64,64,50,11,7,46
D,TC,16,4926880,427618.469,337,40,310,1,I,I,0,0,14,5,9,18,75,25,18,11,4,7,14
D,TC,17,4926479,427828.031,431,55,265,1,I,I,0,0,46,0,18,46,100,60,39,21,0,7,53
D,TC,18,4926325.5,427741.844,348,67,200,1,I,I,0,0,96,0,14,96,100,96,46,11,11,50,35
D,TC,19,4926140,427629.031,290,37,80,1,I,E,69,3,41,5,14,46,90,28,28,25,0,7,21
D,TC,20,4925973.5,427508.031,360,15,255,1,I,I,0,0,60,0,9,60,100,166,131,85,7,64,96
D,TC,21,4925814.5,427400.562,382,48,260,1,I,I,0,0,69,0,32,69,100,92,67,39,4,28,60
D,TC,22,4925648.5,427288.5,393,52,310,1,I,I,0,0,64,0,28,64,100,67,50,39,0,14,53
D,TC,23,4925480.5,427171.469,401,73,60,1,I,I,0,0,46,0,23,46,100,35,35,21,11,18,7
D,TC,24,4925312.5,427054.469,423,40,295,1,I,I,0,0,73,0,0,73,100,50,14,4,0,35,14
D,TC,25,4925153,426950.312,388,60,290,1,I,I,0,0,73,0,23,73,100,35,28,21,4,28,4
D,TC,26,4924950.5,427259.812,525,37,275,1,I,I,0,0,96,0,9,96,100,106,71,25,0,53,53
D,TC,27,4925112.5,427378.281,524,42,340,1,I,I,0,0,60,0,9,60,100,53,35,21,4,14,35
D,TC,28,4925281.5,427482.125,522,45,325,1,I,I,0,0,78,0,18,78,100,71,32,0,7,21,42
D,TC,29,4925439.5,427597.781,496,6,300,1,I,I,0,0,101,0,28,101,100,88,64,21,7,46,35
D,TC,30,4925601,427710.312,477,36,325,1,I,I,0,0,37,0,5,37,100,18,18,4,0,7,11
D,TC,31,4925767,427825.062,443,45,335,1,E,E,76,28,60,0,9,60,100,42,32,7,4,28,11
D,TC,32,4925924,427938.031,423,50,360,1,I,I,0,0,73,0,5,73,100,32,18,7,0,18,14
D,TC,33,4926104,428061.719,389,25,265,1,I,I,0,0,55,0,32,55,100,99,57,28,0,50,50
D,TC,34,4926258,428153.531,407,37,240,1,I,I,0,0,60,0,14,60,100,35,25,11,0,21,14
D,UF,1,4931671.5,431806,390,32,40,1,I,I,0,0,0,51,14,51,0,28,18,11,0,4,25
D,UF,2,4931720.5,431989.281,356,12,50,1,I,E,126,6,41,0,9,41,100,117,28,18,28,60,28
D,UF,3,4931780.5,432199.125,332,40,35,1,I,I,0,0,37,0,9,37,100,25,18,18,7,0,18
D,UF,4,4931848,432423.594,273,68,230,1,I,E,194,11,69,9,0,78,88,21,14,7,4,11,7
D,UF,5,4931903.5,432621.75,289,33,215,1,I,I,0,0,5,23,18,28,17,60,50,18,7,14,39
D,UF,6,4931964.5,432828.062,313,42,205,1,I,I,0,0,23,184,5,207,11,42,21,11,7,18,18
D,UF,7,4932426,432882.719,343,33,45,1,I,E,124,6,18,9,0,28,67,21,14,4,0,14,7
D,UF,8,4932363.5,432678.719,371,10,250,1,I,I,0,0,18,41,28,60,31,53,39,32,4,7,42
D,UF,9,4932315,432484.938,331,35,285,1,I,I,0,0,0,41,18,41,0,18,18,18,0,0,18
D,UF,10,4932266.5,432275.438,331,33,120,1,I,E,62,6,5,51,9,55,8,46,35,21,4,7,35
D,UF,11,4932228.5,432089.188,323,65,145,1,I,E,127,6,60,0,14,60,100,32,32,21,0,4,28
D,UF,12,4932150.5,431880.375,346,33,40,1,I,I,0,0,5,55,5,60,8,25,14,14,0,7,18
D,UF,13,4932087.5,431675.969,374,50,95,1,I,E,107,5,9,41,14,51,18,64,39,35,4,14,46
D,UF,14,4932352,431177.094,464,38,105,1,I,I,0,0,37,0,0,37,100,42,25,21,11,4,28
D,UF,15,4932414.5,431370.719,403,13,70,1,I,I,0,0,28,0,9,28,100,42,21,11,7,18,18
D,UF,16,4932468,431535.031,397,23,70,1,I,I,0,0,9,18,9,28,33,42,25,25,4,11,28
D,UF,17,4932528,431759.125,371,45,120,1,I,I,0,0,41,14,14,55,75,42,28,21,11,7,25
D,UF,18,4932607.5,431943.531,331,35,115,1,I,I,0,0,18,14,14,32,57,53,39,18,0,11,42
D,UF,19,4932647,432168.188,360,26,280,1,I,I,0,0,9,46,14,55,17,67,42,25,7,7,53
D,UF,20,4932691,432358.5,385,44,225,1,I,E,113,6,46,0,28,46,100,57,53,35,4,7,46
D,UF,21,4932752.5,432570.531,403,57,260,1,I,I,0,0,5,37,28,41,11,60,42,18,0,7,53
D,UF,22,4932811.5,432783.094,380,65,55,1,I,I,0,0,18,138,138,156,12,28,25,21,4,0,25
D,UF,23,4933222.5,432671.844,412,80,275,1,I,I,0,0,37,5,9,41,89,35,32,25,0,4,32
D,UF,24,4933163.5,432462.906,379,50,175,1,I,I,0,0,37,5,5,41,89,7,7,7,4,0,4
D,UF,25,4933087.5,432266.75,338,47,110,1,I,I,0,0,5,41,5,46,10,28,25,25,4,4,21
D,UF,26,4933050,432057.156,339,72,85,1,I,I,0,0,14,92,9,106,13,39,39,35,0,0,39
D,UF,27,4933006,431857.125,344,45,130,1,I,I,0,0,32,18,0,51,64,28,25,14,0,7,21
D,UF,28,4932894.5,431662.75,380,48,100,1,I,I,0,0,32,5,18,37,88,60,57,42,0,14,46
D,UF,29,4932789.5,431440.688,434,53,120,1,I,I,0,0,28,23,14,51,55,18,14,7,4,4,11
D,UF,30,4933311,431567.5,479,70,125,1,I,I,0,0,46,0,14,46,100,25,25,4,0,14,11
D,UF,31,4933377,431759.438,425,72,160,1,I,I,0,0,32,9,5,41,78,42,28,14,11,11,21
D,UF,32,4933439,431953.875,407,68,210,1,I,I,0,0,37,5,23,41,89,39,35,32,7,0,32
L,CC,1,4899204.5,454329.312,467,25,150,1,I,I,0,0,8,0,0,8,100,0,0,0,0,0,0
L,CC,2,4899046,454402.156,372,60,130,1,I,I,0,0,16,0,0,16,100,4,0,0,4,0,0
L,CC,3,4898378,454139.062,497,60,334,2,I,I,0,0,0,0,0,0,50,7,0,0,0,7,0
L,CC,4,4898567.5,454099.25,479,75,310,2,I,I,0,0,0,0,0,0,50,0,0,0,0,0,0
L,CC,5,4898756.5,454068.25,419,75,332,2,I,I,0,0,0,0,4,0,50,7,7,7,0,7,0
L,CC,6,4898942,454027.438,420,60,132,1,I,E,239,17,0,18,8,18,0,18,0,0,11,7,0
L,CC,7,4899114,453977.312,444,63,214,1,I,E,70,6,6,0,0,6,100,4,0,0,4,0,0
L,CC,8,4899283.5,453926.281,506,66,180,1,I,I,0,0,4,0,0,4,100,0,0,0,0,0,0
L,CC,9,4899469.5,453870.906,524,66,220,1,I,E,70,4,16,0,0,16,100,0,0,0,0,0,0
L,CC,10,4899366.5,453500.594,564,12,150,1,I,I,0,0,16,0,0,16,100,28,0,0,28,0,0
L,CC,11,4899185,453550.344,557,48,228,1,I,E,50,2,4,0,0,4,100,0,0,0,0,0,0
L,CC,12,4899016,453591.969,543,18,274,1,I,I,0,0,8,0,0,8,100,0,0,0,0,0,0
L,CC,13,4898837.5,453638.469,468,64,156,1,I,E,60,5,8,0,0,8,100,0,0,0,0,0,0
L,CC,14,4898639,453667,411,77,25,1,E,E,176,33,8,0,0,8,100,4,4,4,0,0,4
L,CC,15,4898486,453733.656,451,70,310,3,I,E,106,5,0,0,0,0,50,4,4,4,0,4,0
L,CC,16,4898295,453768.625,524,65,308,3,I,I,0,0,0,0,4,0,50,11,0,0,11,0,0
L,CC,17,4898112.5,453796.219,562,28,346,3,I,I,0,0,8,0,0,8,100,4,0,0,4,0,0
L,CC,18,4897842,453473.812,641,65,80,3,E,E,125,34,16,0,0,16,100,11,4,0,0,7,4
L,CC,19,4898025,453443.875,571,53,16,3,I,I,0,0,4,0,0,4,100,4,4,0,0,0,4
L,CC,20,4898205,453400.156,524,67,30,3,I,E,121,6,4,0,0,4,100,0,0,0,0,0,0
L,CC,21,4898396,453344.469,574,41,26,1,E,E,115,26,20,0,0,20,100,28,11,4,21,0,7
L,CC,22,4898562.5,453303.844,575,45,22,1,I,I,0,0,20,0,0,20,100,14,4,0,11,0,4
L,CC,23,4898748,453266.312,478,75,350,1,I,E,98,9,14,0,0,14,100,0,0,0,0,0,0
L,CC,24,4898928.5,453226.188,485,54,170,1,I,I,0,0,0,0,0,0,50,14,4,0,11,4,0
L,CC,25,4899099.5,453181.281,544,34,170,1,I,E,70,6,12,0,0,12,100,0,0,0,0,0,0
L,CC,26,4899283.5,453141.875,559,43,160,1,I,I,0,0,16,0,0,16,100,4,0,0,4,0,0
L,CC,27,4899002.5,452816.625,578,76,172,1,I,I,0,0,8,0,4,8,100,7,4,4,0,4,4
L,CC,28,4898839,452859.031,524,62,180,1,I,E,78,7,12,0,0,12,100,0,0,0,0,0,0
L,CC,29,4898662.5,452911.156,525,65,30,1,I,I,0,0,4,0,0,4,100,4,0,0,4,0,0
L,CC,30,4898484.5,452938.875,525,65,96,1,I,E,107,10,4,0,0,4,100,4,4,4,0,4,0
L,CC,31,4898303,452989.625,554,70,336,1,I,I,0,0,8,8,0,16,50,42,4,0,21,21,0
L,CC,32,4898389.5,452589.188,594,65,50,1,I,I,0,0,30,0,4,30,100,14,7,7,4,0,11
L,CC,33,4898577,452536.875,564,70,340,1,I,I,0,0,10,0,8,10,100,7,7,7,0,0,7
L,CC,34,4898744,452493.094,572,10,130,1,I,I,0,0,8,0,4,8,100,18,4,4,11,4,4
L,EF,1,4899673.5,453106.469,530,80,4,1,I,I,0,0,8,0,0,8,100,0,0,0,0,0,0
L,EF,2,4900217.5,453061.75,369,62,235,4,I,I,0,0,24,0,16,24,100,57,50,32,0,28,28
L,EF,3,4900101,453218.344,379,70,265,4,E,E,106,81,30,8,2,38,79,53,46,35,4,0,50
L,EF,4,4899977,453356.125,443,80,240,3,E,E,85,35,0,0,0,0,50,0,0,0,0,0,0
L,EF,5,4899854.5,453494.656,501,80,270,3,I,E,130,6,4,0,0,4,100,0,0,0,0,0,0
L,EF,6,4899734.5,453639.406,609,70,300,3,I,I,0,0,16,0,0,16,100,0,0,0,0,0,0
L,EF,7,4900034,453851.656,669,55,5,3,I,E,130,12,24,0,0,24,100,7,7,7,0,0,7
L,EF,8,4900154,453707.719,553,60,3,3,I,E,64,6,20,0,0,20,100,0,0,0,0,0,0
L,EF,9,4900261,453549.969,521,55,320,4,I,I,0,0,64,0,0,64,100,32,25,11,0,11,21
L,EF,10,4900398.5,453436.344,384,40,280,5,E,E,152,69,4,0,0,4,100,0,0,0,0,0,0
L,EF,11,4900499,453274.562,478,33,140,5,E,E,116,68,4,0,0,4,100,14,14,14,0,11,4
L,EF,12,4900619.5,453131.062,425,75,255,4,I,I,0,0,24,0,8,24,100,39,39,39,0,0,39
L,EF,13,4901038,453206.281,470,60,240,7,I,I,0,0,0,0,0,0,50,0,0,0,0,0,0
L,EF,14,4900920.5,453360.094,500,70,312,7,E,E,129,71,16,0,4,16,100,25,25,11,0,14,11
L,EF,15,4900797.5,453496.219,585,60,144,6,E,E,97,88,0,0,0,0,50,14,0,0,14,0,0
L,EF,16,4900668.5,453687.031,444,48,224,6,I,I,0,0,4,0,16,4,100,14,7,4,0,11,4
L,EF,17,4900571,453792.219,548,70,265,6,E,E,93,33,0,0,0,0,50,11,0,0,11,0,0
L,EF,18,4900456,453934.25,612,70,235,3,I,I,0,0,24,0,0,24,100,0,0,0,0,0,0
L,EF,19,4900338.5,454071.719,663,15,105,3,I,E,101,5,12,0,0,12,100,0,0,0,0,0,0
L,EF,20,4900619,454279.969,697,10,226,3,E,E,122,28,4,0,0,4,100,4,4,0,0,0,4
L,EF,21,4900751.5,454198.188,658,67,135,10,I,I,0,0,0,0,0,0,50,0,0,0,0,0,0
L,EF,22,4900868.5,454050.844,621,48,182,10,I,I,0,0,0,0,0,0,50,7,7,4,0,0,7
L,EF,23,4900973.5,453887.625,571,62,206,10,E,E,121,44,0,0,0,0,50,0,0,0,0,0,0
L,EF,24,4901086.5,453720.281,618,57,150,3,E,E,130,77,4,2,4,6,67,14,7,0,11,0,4
L,EF,25,4901185,453582.844,624,52,284,7,E,E,190,78,4,0,4,4,100,14,7,4,0,11,4
L,EF,26,4901309.5,453420.562,612,60,216,8,I,I,0,0,38,0,4,38,100,74,64,46,4,35,35
L,EF,27,4901591,453637.875,657,52,272,3,I,E,126,6,8,0,0,8,100,7,0,0,7,0,0
L,EF,28,4901463.5,453787.625,687,41,236,3,I,I,0,0,0,32,0,32,0,11,7,0,4,0,7
L,EF,29,4901356.5,453936.969,705,43,190,10,E,E,176,40,0,0,0,0,50,0,0,0,0,0,0
L,EF,30,4901245.5,454073.031,701,34,216,10,E,E,127,23,4,0,0,4,100,25,0,0,25,0,0
L,EF,31,4901135.5,454216.25,702,26,164,3,I,E,234,12,4,0,0,4,100,14,4,0,0,11,4
L,EF,32,4901032.5,454354.281,707,46,242,3,I,I,0,0,18,0,0,18,100,28,4,4,25,0,4
L,EF,33,4901620,454171.344,779,20,294,3,I,I,0,0,8,0,0,8,100,4,4,4,0,0,4
L,LC,1,4905899,438324.375,320,83,110,3,I,I,0,0,30,4,0,34,88,32,21,11,4,21,7
L,LC,2,4905731,438412.031,232,50,75,3,I,I,0,0,20,0,4,20,100,7,7,7,0,0,7
L,LC,3,4905555,438507,203,45,118,3,I,E,67,3,0,8,12,8,0,21,18,11,0,0,21
L,LC,4,4905382.5,438591.219,138,28,295,3,E,E,98,44,0,16,0,16,0,7,4,4,0,0,7
L,LC,5,4905198,438691.031,171,55,332,6,I,I,0,0,26,4,0,30,87,0,0,0,0,0,0
L,LC,6,4905035.5,438776.031,196,75,140,6,I,I,0,0,24,0,4,24,100,4,4,4,0,0,4
L,LC,7,4904864,438862.969,210,72,125,3,I,I,0,0,32,6,2,38,84,39,25,11,4,18,18
L,LC,8,4904673.5,438971.625,172,49,64,3,I,E,93,5,0,8,0,8,0,11,11,4,0,7,4
L,LC,9,4904363,438692.812,195,83,14,3,I,E,122,6,24,0,0,24,100,0,0,0,0,0,0
L,LC,10,4904522,438601.281,258,44,55,3,I,I,0,0,20,4,4,24,83,7,7,7,0,0,7
L,LC,11,4904692.5,438513.375,265,17,82,5,E,E,136,124,0,0,4,0,50,7,4,0,4,0,4
L,LC,12,4904855,438428.75,266,15,68,5,I,I,0,0,0,0,0,0,50,4,0,0,0,4,0
L,LC,13,4905021.5,438346.906,209,33,310,5,I,I,0,0,0,0,0,0,50,32,28,18,7,18,7
L,LC,14,4905200.5,438253.625,153,52,338,5,I,I,0,0,0,0,0,0,50,4,4,4,0,4,0
L,LC,15,4905370.5,438164.875,156,45,240,3,I,E,111,10,8,10,0,18,44,0,0,0,0,0,0
L,LC,16,4905544,438066.062,180,54,260,3,I,I,0,0,24,0,12,24,100,28,28,21,4,7,18
L,LC,17,4905722.5,437978.25,200,68,225,3,I,I,0,0,20,0,4,20,100,53,46,28,18,25,11
L,LC,18,4905892,437892,296,103,190,3,E,E,66,27,28,0,0,28,100,4,4,0,0,0,4
L,LC,19,4905714,437539.656,284,50,132,2,I,I,0,0,4,0,4,4,100,4,4,4,0,0,4
L,LC,20,4905536.5,437633.906,234,55,170,2,I,I,0,0,4,0,0,4,100,0,0,0,0,0,0
L,LC,21,4905365,437719.75,221,42,350,3,E,E,70,29,8,8,12,16,50,42,35,32,0,18,25
L,LC,22,4905185,437808.062,216,20,32,3,I,I,0,0,8,0,0,8,100,7,7,7,0,4,4
L,LC,23,4905010,437902.156,153,38,14,4,I,I,0,0,8,0,0,8,100,4,4,4,0,0,4
L,LC,24,4904831,437996.656,166,65,330,4,I,E,135,7,12,0,0,12,100,4,0,0,4,0,0
L,LC,25,4904682,438084.562,255,35,300,4,I,I,0,0,12,4,0,16,75,0,0,0,0,0,0
L,LC,26,4904522,438164.656,308,42,115,4,I,I,0,0,10,4,0,14,71,7,7,0,7,0,0
L,LC,27,4904355,438252.531,336,66,50,3,I,I,0,0,44,0,0,44,100,11,11,11,0,4,7
L,LC,28,4904203.5,438344.844,337,17,100,3,I,E,129,6,28,0,0,28,100,50,46,28,11,18,21
L,LC,29,4904022,438434.5,330,43,90,3,I,I,0,0,28,0,4,28,100,21,14,11,4,0,18
L,LC,30,4904195,437910.75,359,71,334,3,E,E,177,25,16,4,4,20,80,14,11,7,0,11,4
L,LC,31,4904344.5,437825.969,340,66,26,3,I,I,0,0,16,0,4,16,100,7,7,7,4,4,0
L,LC,32,4904506,437742.125,289,48,75,3,I,E,101,5,32,0,4,32,100,21,21,14,4,7,11
L,LC,33,4905019,437476.031,278,47,134,3,I,I,0,0,16,0,8,16,100,14,14,14,4,11,0
L,LC,34,4905196.5,437381.531,295,35,40,3,I,E,129,6,12,0,0,12,100,7,0,0,0,0,7
L,LC,35,4905362,437285.562,303,28,98,3,E,E,118,43,38,0,0,38,100,53,39,25,4,28,21
L,LC,36,4905539,437200.312,321,72,162,2,E,E,32,18,4,0,0,4,100,0,0,0,0,0,0
L,LL,1,4904735,449694.812,256,37,40,1,I,I,0,0,0,0,0,0,50,0,0,0,0,0,0
L,LL,2,4904670.5,450134.625,238,24,20,1,I,I,0,0,0,0,4,0,50,7,4,4,0,4,4
L,LL,3,4904497.5,450033.375,313,42,34,1,I,I,0,0,0,0,4,0,50,4,4,4,0,0,4
L,LL,4,4904332.5,449926.344,360,55,2,1,E,E,10,9,0,0,0,0,50,0,0,0,0,0,0
L,LL,5,4904171.5,449812.156,362,65,114,2,I,I,0,0,22,0,8,22,100,53,14,7,18,28,7
L,LL,6,4903482.5,449805.656,392,33,318,2,I,I,0,0,32,0,4,32,100,18,11,7,0,11,7
L,LL,7,4903645.5,449912.5,392,74,306,2,I,E,102,5,28,0,0,28,100,18,14,11,0,7,11
L,LL,8,4903817,450017.688,306,62,266,2,I,E,127,6,30,0,0,30,100,35,18,7,7,7,21
L,LL,9,4903954.5,450119.375,353,58,224,2,I,I,0,0,52,4,8,56,93,117,46,21,11,85,21
L,LL,10,4904104.5,450237.562,431,35,328,2,I,E,66,3,20,20,8,40,50,99,32,14,4,81,14
L,LL,11,4904263,450342.625,373,38,328,2,I,I,0,0,0,20,4,20,0,53,42,18,0,28,25
L,LL,12,4904421.5,450450.25,312,70,246,2,I,E,121,6,8,4,4,12,67,28,21,7,0,14,14
L,LL,13,4904578,450564,347,56,198,2,I,E,134,7,14,12,0,26,54,39,25,7,7,21,11
L,LL,14,4904741.5,450659.125,391,36,170,2,I,E,129,6,14,0,0,14,100,28,4,4,7,18,4
L,LL,15,4904884.5,450775.094,410,50,202,2,I,E,131,7,36,0,4,36,100,42,25,18,7,11,25
L,LL,16,4904496,450988.531,459,72,282,2,I,I,0,0,46,4,0,50,92,50,11,4,4,32,14
L,LL,17,4904348.5,450879.438,421,60,232,2,I,E,102,5,36,12,8,48,75,32,28,18,0,14,18
L,LL,18,4904200,450769.594,413,50,28,3,I,I,0,0,0,0,0,0,50,0,0,0,0,0,0
L,LL,19,4904045.5,450662.844,373,60,6,3,I,I,0,0,0,0,0,0,50,7,4,4,0,4,4
L,LL,20,4903878,450554.812,423,65,318,2,E,E,79,47,16,18,8,34,47,71,46,25,0,57,14
L,LL,21,4903729,450448.844,454,51,10,2,I,E,111,6,8,8,8,16,50,50,39,14,0,28,21
L,LL,22,4903576,450337.719,447,79,294,2,I,I,0,0,16,0,4,16,100,28,18,18,0,11,18
L,LL,23,4903424.5,450220.438,464,38,218,2,I,E,127,6,30,4,4,34,88,117,50,25,7,74,35
L,LL,24,4903268,450123,472,63,6,2,I,I,0,0,30,4,16,34,88,85,64,42,4,39,42
L,LL,25,4903120,450020.25,469,33,280,2,I,E,127,6,16,8,12,24,67,67,42,25,0,14,53
L,LL,26,4903056.5,450426.062,555,34,320,2,I,I,0,0,28,0,12,28,100,64,46,39,18,25,21
L,LL,27,4903211,450546.125,571,65,295,2,I,E,102,5,48,4,8,52,92,25,18,18,0,7,18
L,LL,28,4903513.5,450758.25,555,33,346,2,I,I,0,0,8,8,4,16,50,42,35,14,4,18,21
L,LL,29,4903657,450859.719,530,60,265,2,I,I,0,0,50,0,20,50,100,166,53,42,28,64,74
L,LL,30,4903800,450957.406,519,75,80,2,I,I,0,0,34,0,6,34,100,28,18,14,0,14,14
L,LL,31,4903978,451081.469,419,65,350,3,E,E,126,74,0,0,16,0,50,57,50,25,14,28,14
L,LL,32,4904129.5,451178.781,463,58,244,2,I,I,0,0,40,0,4,40,100,159,42,32,21,78,60
L,LL,33,4904283.5,451293.719,476,38,240,2,I,I,0,0,40,0,4,40,100,21,11,11,0,7,14
L,LL,34,4903754.5,451376.125,524,89,246,2,I,E,102,5,34,0,16,34,100,74,46,39,4,28,42
L,LT,1,4909204,454116.625,207,61,255,1,I,I,0,0,10,0,0,10,100,11,0,0,7,4,0
L,LT,2,4909209,454312.188,287,53,248,1,I,I,0,0,20,0,0,20,100,4,0,0,4,0,0
L,LT,3,4909180.5,454482.594,366,65,190,1,I,I,0,0,12,0,0,12,100,21,0,0,21,0,0
L,LT,4,4908815.5,454875.812,402,39,235,1,I,I,0,0,16,0,4,16,100,124,7,4,103,14,7
L,LT,5,4908809.5,454677.625,312,35,220,1,I,I,0,0,26,0,4,26,100,35,4,4,32,0,4
L,LT,6,4908804.5,454500.531,250,67,252,1,I,I,0,0,16,8,8,24,67,21,7,7,11,4,7
L,LT,7,4908793.5,454305.531,207,75,42,1,I,I,0,0,16,8,16,24,67,42,42,32,7,11,25
L,LT,8,4908795,454114.438,298,60,62,1,I,E,71,4,12,0,4,12,100,88,21,7,35,28,25
L,LT,9,4908790,453920.906,390,76,48,1,I,E,129,6,16,8,0,24,67,32,7,0,11,18,4
L,LT,10,4908401,454109.781,366,75,102,1,I,E,56,3,6,0,0,6,100,64,25,11,18,35,11
L,LT,11,4908406.5,454299.531,244,65,88,1,I,I,0,0,6,4,12,10,60,57,50,25,7,39,11
L,LT,12,4908407,454496.406,232,64,283,1,I,E,27,1,10,4,0,14,71,7,4,4,0,4,4
L,LT,13,4908408,454689.219,297,45,270,1,I,I,0,0,42,0,0,42,100,177,0,0,106,64,7
L,LT,14,4908408.5,454879.312,362,25,270,1,I,I,0,0,20,4,0,24,83,42,4,4,4,32,7
L,LT,15,4908423,455077.406,427,25,270,1,I,I,0,0,20,0,12,20,100,71,25,21,18,25,28
L,LT,16,4908034,454874.781,403,25,270,1,I,I,0,0,28,0,8,28,100,393,0,0,216,177,0
L,LT,17,4908016,454695.188,333,50,280,1,I,I,0,0,36,0,0,36,100,42,11,0,14,21,7
L,LT,18,4908002.5,454516.844,262,80,270,1,I,E,115,6,0,0,0,0,50,7,7,7,0,4,4
L,LT,19,4908013.5,454314.438,244,65,100,1,I,I,0,0,26,0,8,26,100,85,25,7,18,53,14
L,LT,20,4908012.5,454111.844,344,60,100,1,I,I,0,0,42,0,12,42,100,166,25,14,18,78,71
L,LT,21,4908011.5,453916.031,444,65,120,1,I,I,0,0,16,20,4,36,44,71,7,7,32,32,7
L,LT,22,4907624.5,453913.938,488,85,60,1,I,I,0,0,32,4,20,36,89,53,39,21,0,25,28
L,LT,23,4907619.5,454110.375,366,75,70,1,I,E,80,4,20,0,0,20,100,85,4,0,50,35,0
L,LT,24,4907615,454317.688,244,70,70,1,I,E,107,5,28,4,4,32,88,71,25,11,7,53,11
L,LT,25,4907619,454513.188,293,65,252,1,I,E,56,3,26,0,12,26,100,35,25,18,0,4,32
L,LT,26,4907620,454699.25,338,33,284,1,I,E,126,6,12,8,4,20,60,35,18,14,4,4,28
L,LT,27,4907635,454899.875,382,38,260,1,I,E,127,6,8,0,8,8,100,96,18,18,42,28,25
L,LT,28,4907640.5,455084.688,427,16,290,1,I,I,0,0,18,0,4,18,100,53,39,21,4,7,42
L,LT,29,4907253.5,455066.719,427,27,260,1,I,E,106,5,8,8,6,16,50,74,32,21,18,32,25
L,LT,30,4907261,454908.719,400,31,262,1,I,E,115,6,20,0,6,20,100,81,21,11,18,46,18
L,LT,31,4907253.5,454692.781,366,48,260,1,I,E,129,6,20,4,4,24,83,64,53,25,4,18,42
L,LT,32,4907254.5,454507.719,305,73,344,1,I,E,118,6,36,0,12,36,100,64,18,18,7,25,32
L,LT,33,4907250.5,454307.375,256,77,90,1,I,I,0,0,18,0,4,18,100,14,4,4,4,4,7
L,LT,34,4907252.5,454108.438,342,85,148,1,I,E,144,7,8,6,0,14,57,21,0,0,11,11,0
L,LT,35,4907257.5,453918.594,427,57,126,1,I,I,0,0,30,0,0,30,100,78,7,4,25,32,21
L,NN,1,4895999.5,435909.594,394,68,162,3,I,I,0,0,12,8,12,20,60,28,25,18,0,21,7
L,NN,2,4895985.5,435715.812,398,64,149,3,I,E,126,11,52,2,12,54,96,57,42,32,11,11,35
L,NN,3,4895973,435519.688,401,70,40,3,I,E,102,5,0,8,4,8,0,21,18,14,0,4,18
L,NN,4,4895969,435336.188,403,92,20,3,I,E,126,6,14,8,4,22,64,25,25,21,0,11,14
L,NN,5,4895945,435137.469,402,105,270,3,I,I,0,0,56,0,0,56,100,21,11,11,0,4,18
L,NN,6,4896319,434922.562,378,34,60,3,I,E,148,13,4,12,4,16,25,28,25,21,0,11,18
L,NN,7,4896330.5,435106.594,383,10,11,3,I,I,0,0,0,12,0,12,0,7,7,4,0,4,4
L,NN,8,4896346.5,435312.406,386,52,53,3,I,E,158,14,28,0,0,28,100,14,7,7,0,11,4
L,NN,9,4896362,435478.875,386,29,120,3,E,E,187,74,4,0,0,4,100,32,11,4,0,25,7
L,NN,10,4896382,435683.156,385,66,210,4,E,E,55,30,0,0,0,0,50,0,0,0,0,0,0
L,NN,11,4896777,435838.375,375,82,136,4,I,E,85,4,4,0,4,4,100,21,21,21,0,0,21
L,NN,12,4896758.5,435644.25,372,74,134,4,I,E,37,2,0,0,4,0,50,11,11,11,0,4,7
L,NN,13,4896738,435451.562,373,72,4,4,I,E,50,2,0,0,0,0,50,0,0,0,0,0,0
L,NN,14,4896725.5,435270.562,375,28,2,4,E,E,99,55,0,0,0,0,50,18,18,14,0,0,18
L,NN,15,4896702.5,435067.125,380,50,38,3,I,I,0,0,38,0,10,38,100,53,50,42,4,11,39
L,NN,16,4896688,434880.562,386,75,42,3,I,E,124,6,20,0,12,20,100,53,32,18,0,21,32
L,NN,17,4896675.5,434702.438,396,85,46,3,I,I,0,0,34,0,8,34,100,42,35,25,0,4,39
L,NN,18,4897062.5,434846.625,362,70,42,3,I,E,103,5,12,0,0,12,100,18,11,7,0,11,7
L,NN,19,4897084,435027.469,350,58,30,3,I,I,0,0,24,0,10,24,100,21,21,21,0,14,7
L,NN,20,4897102,435224.344,343,34,129,3,I,E,127,6,12,4,4,16,75,11,11,4,4,0,7
L,NN,21,4897123.5,435406.656,344,48,330,3,I,I,0,0,20,0,28,20,100,64,60,18,0,32,32
L,NN,22,4897137,435605.188,353,48,174,3,I,I,0,0,34,0,16,34,100,88,78,39,11,28,50
L,NN,23,4897158.5,435799.688,364,58,92,3,I,I,0,0,24,0,30,24,100,117,96,50,4,21,92
L,NN,24,4897174.5,435985.062,377,35,162,3,E,E,118,49,30,0,8,30,100,42,18,14,7,18,18
L,NN,25,4897577,436030.719,387,65,232,3,I,I,0,0,2,0,0,2,100,53,42,28,14,25,14
L,NN,26,4897560,435845.156,366,95,234,3,I,I,0,0,26,0,22,26,100,88,81,71,7,32,50
L,NN,27,4897541,435646.438,339,40,40,3,I,E,127,6,26,0,14,26,100,50,50,39,0,11,39
L,NN,28,4897517,435448.531,314,65,3,3,I,I,0,0,12,0,18,12,100,74,71,60,4,35,35
L,NN,29,4897497,435254.531,297,71,86,3,I,E,130,6,36,4,20,40,90,39,39,39,0,7,32
L,NN,30,4897474,435067.531,295,87,338,3,I,E,146,7,8,0,8,8,100,28,25,18,0,14,14
L,NN,31,4897457,434872.688,309,66,346,3,I,I,0,0,20,4,12,24,83,39,32,18,4,28,7
L,NN,32,4897858,434829.281,307,85,292,3,I,I,0,0,28,0,12,28,100,32,28,21,7,11,14
L,NN,33,4897873.5,435027.156,299,59,340,3,I,I,0,0,22,0,16,22,100,64,64,50,4,32,28
L,NN,34,4897899.5,435214,301,50,120,3,I,I,0,0,20,0,22,20,100,64,60,53,7,28,28
L,NN,35,4897918.5,435406.125,314,52,58,1,I,I,0,0,0,0,0,0,50,7,7,7,0,7,0
L,NN,36,4897933.5,435601.688,336,28,178,1,I,I,0,0,0,0,0,0,50,7,4,4,4,0,4
L,NN,37,4897953.5,435799.531,359,50,108,1,I,I,0,0,0,0,8,0,50,18,18,18,0,4,14
L,RC,1,4902177,436364.219,142,28,276,1,I,E,118,6,0,6,0,6,0,11,7,7,0,4,7
L,RC,2,4902161,436557.219,135,36,346,1,I,E,66,3,26,0,12,26,100,60,60,28,7,35,18
L,RC,3,4901752,436413.625,188,37,236,1,I,I,0,0,40,0,2,40,100,39,39,28,0,18,21
L,RC,4,4901740.5,436615,189,12,73,1,E,E,209,41,6,0,12,6,100,64,39,14,7,42,14
L,RC,5,4901709.5,436813.5,264,25,8,1,I,I,0,0,50,0,4,50,100,35,25,14,4,14,18
L,RC,6,4901296.5,437185.281,277,57,243,3,I,I,0,0,2,0,0,2,100,7,0,0,7,0,0
L,RC,7,4901311.5,436991.594,224,46,240,3,I,I,0,0,12,0,0,12,100,11,0,0,11,0,0
L,RC,8,4901324,436783.188,224,28,220,1,E,E,127,46,12,0,12,12,100,46,21,7,14,18,14
L,RC,9,4901341.5,436562.812,207,45,195,1,I,I,0,0,56,4,4,60,93,42,28,11,0,25,18
L,RC,10,4901381,436360.406,167,25,355,3,E,E,127,52,0,4,0,4,0,4,0,0,0,0,4
L,RC,11,4901360.5,436187.062,167,20,74,3,I,E,92,5,4,0,4,4,100,4,4,4,0,0,4
L,RC,12,4900905.5,437167.938,260,54,292,3,I,I,0,0,4,0,0,4,100,0,0,0,0,0,0
L,RC,13,4900916,436972.281,223,39,13,3,I,I,0,0,5,0,0,5,100,0,0,0,0,0,0
L,RC,14,4900925,436777.094,223,41,348,3,I,I,0,0,4,0,0,4,100,14,0,0,0,11,4
L,RC,15,4900933.5,436568.219,223,53,13,3,I,I,0,0,14,0,0,14,100,0,0,0,0,0,0
L,RC,16,4900947.5,436369.969,142,70,300,3,I,E,115,6,8,0,0,8,100,4,0,0,4,0,0
L,RC,17,4900961,436163.969,147,52,20,3,I,E,112,6,8,0,8,8,100,28,7,7,21,0,7
L,RC,18,4900967.5,435981.375,195,67,120,3,I,E,104,5,8,0,0,8,100,4,0,0,4,0,0
L,RC,19,4900567.5,435963,210,60,50,3,I,E,88,4,16,0,0,16,100,4,4,4,0,0,4
L,RC,20,4900557.5,436142.406,182,36,15,3,I,E,95,5,10,0,0,10,100,25,18,11,4,0,21
L,RC,21,4900550,436336.938,157,30,73,3,I,E,115,10,20,0,0,20,100,32,25,18,4,0,28
L,RC,22,4900544,436538.594,158,38,318,3,I,I,0,0,0,12,0,12,0,60,14,7,14,25,21
L,RC,23,4900527.5,436745.906,159,27,20,3,I,E,124,6,14,0,0,14,100,4,4,4,0,0,4
L,RC,24,4900521,436943.719,246,72,270,3,I,I,0,0,10,0,0,10,100,4,4,0,0,0,4
L,RC,25,4900126,436926.594,299,72,290,3,I,E,102,9,16,0,0,16,100,0,0,0,0,0,0
L,RC,26,4900135.5,436726.781,246,45,290,3,I,I,0,0,6,0,0,6,100,0,0,0,0,0,0
L,RC,27,4900136.5,436530.906,228,40,272,3,I,I,0,0,18,0,0,18,100,7,4,0,7,0,0
L,RC,28,4900143.5,436330.969,183,10,288,3,I,E,131,7,16,0,0,16,100,14,7,7,0,4,11
L,RC,29,4900163,436118.969,224,22,88,3,I,I,0,0,22,0,0,22,100,28,18,7,7,4,18
L,RC,30,4899767.5,436000.844,267,40,12,3,I,I,0,0,6,0,0,6,100,0,0,0,0,0,0
L,RC,31,4899756.5,436179.125,217,95,25,3,I,I,0,0,6,0,0,6,100,0,0,0,0,0,0
L,RC,32,4899757,436384.312,280,53,348,3,I,E,73,4,18,0,4,18,100,7,7,4,0,0,7
L,RC,33,4899742,436591.031,267,14,46,3,I,E,202,18,12,0,0,12,100,0,0,0,0,0,0
L,RC,34,4899748.5,436791.219,348,57,300,3,I,I,0,0,4,0,0,4,100,0,0,0,0,0,0
L,UC,1,4904490,439299.438,200,76,185,2,I,I,0,0,14,0,0,14,100,0,0,0,0,0,0
L,UC,2,4904387,439138.344,105,52,320,3,E,E,90,37,0,12,0,12,0,21,4,4,0,18,4
L,UC,3,4903990.5,439060.875,199,30,82,1,I,I,0,0,6,0,0,6,100,0,0,0,0,0,0
L,UC,4,4904049.5,439235.969,180,60,74,1,I,I,0,0,4,0,0,4,100,0,0,0,0,0,0
L,UC,5,4904122,439425.031,118,68,246,3,E,E,87,36,4,8,0,12,33,14,11,11,4,4,7
L,UC,6,4904177,439598.188,235,89,204,3,E,E,106,38,16,0,0,16,100,28,14,7,0,18,11
L,UC,7,4904228,439765.531,327,23,308,3,E,E,115,41,8,8,8,16,50,25,25,18,4,11,11
L,UC,8,4904111,440622.688,363,70,204,3,E,E,127,46,26,4,2,30,87,67,46,21,7,35,25
L,UC,9,4904054.5,440454.219,300,68,145,4,E,E,24,9,24,0,0,24,100,7,4,0,4,0,4
L,UC,10,4903988,440268.719,309,54,160,3,I,I,0,0,32,0,0,32,100,53,28,0,4,32,18
L,UC,11,4903927,440099.688,232,87,292,3,I,I,0,0,24,4,0,28,86,18,11,7,0,4,14
L,UC,12,4903865.5,439906.312,229,68,72,3,I,I,0,0,28,4,16,32,88,42,42,25,0,21,21
L,UC,13,4903805.5,439734.125,228,90,192,3,I,I,0,0,24,0,0,24,100,32,18,7,4,21,7
L,UC,14,4903749.5,439563.188,118,12,312,3,E,E,94,39,0,20,4,20,0,28,21,7,0,11,18
L,UC,15,4903681,439371.438,183,31,56,1,I,I,0,0,16,0,0,16,100,0,0,0,0,0,0
L,UC,16,4903617.5,439186.438,217,59,4,1,I,I,0,0,20,0,0,20,100,14,4,0,14,0,0
L,UC,17,4903546.5,438994.406,254,45,138,1,I,I,0,0,10,0,0,10,100,18,4,0,14,0,4
L,UC,18,4903492,438810.5,294,37,82,1,I,I,0,0,16,0,0,16,100,21,4,0,18,0,4
L,UC,19,4903108,438949.094,315,65,106,1,I,E,103,5,4,0,0,4,100,4,0,0,4,0,0
L,UC,20,4903176,439123.344,251,77,102,1,I,E,120,11,10,0,0,10,100,0,0,0,0,0,0
L,UC,21,4903239.5,439316.375,228,76,96,1,I,E,125,11,12,0,0,12,100,0,0,0,0,0,0
L,UC,22,4903297.5,439496.5,124,84,103,1,E,E,36,15,12,0,0,12,100,11,4,4,0,0,11
L,UC,23,4903365.5,439678.906,210,82,262,3,I,I,0,0,22,2,0,24,92,11,11,0,4,4,4
L,UC,24,4903428.5,439874.406,222,37,8,3,I,E,124,6,30,0,12,30,100,53,46,28,4,35,14
L,UC,25,4903490.5,440053.562,205,28,296,3,I,I,0,0,0,4,0,4,0,4,4,4,0,0,4
L,UC,26,4903559,440241.25,226,45,228,3,I,I,0,0,14,8,0,22,64,21,14,4,7,4,11
L,UC,27,4903620,440403.562,308,45,326,3,I,I,0,0,14,16,0,30,47,4,4,4,0,0,4
L,UC,28,4903683.5,440573.125,370,43,256,3,I,I,0,0,30,0,8,30,100,50,39,25,11,35,4
L,UC,29,4903249,440546.219,257,84,222,5,I,I,0,0,16,0,4,16,100,4,4,4,0,0,4
L,UC,30,4903184.5,440375.75,236,69,356,5,I,I,0,0,22,0,4,22,100,4,0,0,0,4,0
L,UC,31,4903113.5,440180.125,197,69,342,5,I,I,0,0,12,0,0,12,100,7,7,4,0,0,7
L,UC,32,4903050,439992.062,206,68,100,3,I,I,0,0,4,0,4,4,100,50,39,32,0,39,11
L,UC,33,4902987.5,439813.25,253,64,258,1,I,I,0,0,14,0,4,14,100,4,0,0,0,4,0
L,UC,34,4902914,439627.781,179,77,16,1,I,I,0,0,0,12,0,12,0,21,0,0,14,4,4
L,UC,35,4902840.5,439447.781,85,60,296,1,I,I,0,0,0,4,0,4,0,14,7,0,0,4,11
L,UC,36,4902785,439254.875,149,82,170,1,I,I,0,0,4,20,0,24,17,0,0,0,0,0,0
L,UC,37,4902723.5,439068.469,217,69,148,1,I,E,182,16,16,0,0,16,100,0,0,0,0,0,0
L,UT,1,4905655.5,454955.75,446,47,68,1,I,I,0,0,28,0,8,28,100,64,50,14,18,46,0
L,UT,2,4905669,454769.562,407,63,64,1,I,I,0,0,56,0,4,56,100,60,35,14,25,25,11
L,UT,3,4905670,454586.562,427,45,22,1,I,I,0,0,26,8,8,34,76,14,14,7,4,4,7
L,UT,4,4905657.5,454403.75,450,57,48,1,I,E,43,2,12,4,2,16,75,120,99,39,4,106,11
L,UT,5,4905279,454582.062,440,97,84,1,I,I,0,0,10,4,16,14,71,32,25,21,7,14,11
L,UT,6,4905287.5,454768.719,467,42,292,1,I,E,94,5,42,0,0,42,100,50,14,0,7,35,7
L,UT,7,4905280,454948.812,493,30,54,1,I,E,107,5,38,0,8,38,100,92,81,25,7,71,14
L,UT,8,4905279.5,455142.406,510,48,266,1,I,E,90,5,36,0,0,36,100,103,64,4,28,64,11
L,UT,9,4904906.5,454400.156,522,70,95,1,I,I,0,0,32,0,4,32,100,32,28,21,0,7,25
L,UT,10,4904907.5,454580.188,503,70,300,1,I,E,116,6,30,4,24,34,88,92,71,53,11,18,64
L,UT,11,4904911.5,454768.938,550,35,320,1,I,E,99,5,32,0,8,32,100,96,71,35,4,21,71
L,UT,12,4904917.5,454953.812,568,65,40,1,I,E,146,7,36,12,12,48,75,53,39,32,7,7,39
L,UT,13,4904904,455137,568,35,16,1,I,I,0,0,66,0,8,66,100,110,50,18,18,57,35
L,UT,14,4904900,455322.344,560,58,290,1,I,I,0,0,32,0,16,32,100,85,28,11,21,46,18
L,UT,15,4904539,455312.125,622,40,40,1,I,I,0,0,44,0,16,44,100,67,46,35,0,7,60
L,UT,16,4904538,455132.5,611,30,360,1,E,E,120,43,44,4,0,48,92,74,25,18,14,28,32
L,UT,17,4904538.5,454940.375,631,50,40,1,I,I,0,0,38,0,8,38,100,113,21,14,21,35,57
L,UT,18,4904544.5,454762.688,650,30,60,1,I,I,0,0,32,0,12,32,100,191,78,28,50,53,88
L,UT,19,4904543,454581.375,593,65,280,1,I,I,0,0,44,0,20,44,100,149,50,39,39,39,71
L,UT,20,4904541.5,454403.062,594,68,40,1,I,I,0,0,32,0,12,32,100,28,25,18,0,4,25
L,UT,21,4904183,455308.031,684,48,310,2,E,E,56,13,4,0,0,4,100,0,0,0,0,0,0
L,UT,22,4904187,455131.438,704,51,6,2,E,E,111,25,4,0,0,4,100,7,0,0,7,0,0
L,UT,23,4904174.5,454941.594,687,40,342,2,E,E,197,30,4,0,0,4,100,0,0,0,0,0,0
L,UT,24,4904185,454761.594,715,42,336,3,E,E,42,8,0,4,0,4,0,11,7,0,0,0,11
L,UT,25,4904177,454583.625,681,58,278,2,I,E,127,6,4,0,0,4,100,7,4,4,0,4,4
L,UT,26,4904167,454403.375,630,49,242,2,I,I,0,0,6,0,0,6,100,0,0,0,0,0,0
L,UT,27,4903823,454400.906,716,58,40,2,I,I,0,0,4,0,0,4,100,11,4,0,0,0,11
L,UT,28,4903805.5,454597.875,763,54,316,2,I,E,115,6,0,0,0,0,50,0,0,0,0,0,0
L,UT,29,4903849,454753.75,788,70,330,3,E,E,194,30,4,0,0,4,100,0,0,0,0,0,0
L,UT,30,4903857,454933.219,827,57,2,3,I,I,0,0,0,0,0,0,50,0,0,0,0,0,0
L,UT,31,4903504,454749.562,872,76,280,3,I,I,0,0,0,0,0,0,50,0,0,0,0,0,0
L,UT,32,4903478,454574.562,801,41,284,2,I,I,0,0,8,0,0,8,100,0,0,0,0,0,0
L,UT,33,4903462,454394.969,759,60,333,2,I,I,0,0,10,0,0,10,100,4,4,0,0,0,4
L,WC,1,4907477.5,441290.094,227,68,118,1,I,I,0,0,18,4,0,22,82,11,4,4,7,0,4
L,WC,2,4907354.5,441431.312,163,55,118,1,I,I,0,0,8,4,0,12,67,0,0,0,0,0,0
L,WC,3,4907211.5,441577.594,208,50,312,1,I,I,0,0,40,4,4,44,91,18,18,14,4,4,11
L,WC,4,4907130.5,441750.719,313,70,326,1,I,I,0,0,8,0,0,8,100,11,7,7,4,0,7
L,WC,5,4907029.5,441917.5,366,60,32,4,E,E,129,53,0,4,2,4,0,35,25,21,0,4,32
L,WC,6,4907321,442140.094,354,65,318,4,I,I,0,0,0,0,0,0,50,0,0,0,0,0,0
L,WC,7,4907430.5,441997.062,318,68,245,4,I,I,0,0,12,0,0,12,100,0,0,0,0,0,0
L,WC,8,4907524,441839.781,217,78,298,3,I,I,0,0,0,0,0,0,50,0,0,0,0,0,0
L,WC,9,4907650.5,441659.438,177,67,130,2,E,E,130,118,0,4,0,4,0,28,25,14,4,14,11
L,WC,10,4907780,441526.938,218,70,50,2,I,I,0,0,0,0,0,0,50,4,0,0,0,4,0
L,WC,11,4908089,441781.219,274,78,180,1,I,I,0,0,48,0,0,48,100,14,14,7,11,0,4
L,WC,12,4907971.5,441929.688,261,83,122,1,I,I,0,0,20,20,12,40,50,32,32,25,0,4,28
L,WC,13,4907835.5,442073.75,267,56,294,1,I,E,130,6,36,6,8,42,86,53,50,46,4,7,42
L,WC,14,4907744.5,442236.75,350,38,268,1,I,I,0,0,38,0,10,38,100,103,92,71,0,53,50
L,WC,15,4907621,442393.281,389,55,338,1,I,I,0,0,36,4,14,40,90,42,39,25,4,14,25
L,WC,16,4907753,442871.594,432,10,280,8,I,I,0,0,4,0,0,4,100,0,0,0,0,0,0
L,WC,17,4907838,442734.281,410,20,290,7,E,E,127,70,0,0,0,0,50,0,0,0,0,0,0
L,WC,18,4907959.5,442590.344,333,40,278,7,I,I,0,0,0,0,0,0,50,14,14,11,0,0,14
L,WC,19,4908067,442432.469,277,53,286,7,I,I,0,0,0,0,0,0,50,0,0,0,0,0,0
L,WC,20,4908183.5,442278.906,246,40,268,7,E,E,78,43,0,0,0,0,50,14,14,4,11,0,4
L,WC,21,4908316.5,442130.219,239,70,270,1,E,E,204,53,20,12,8,32,63,35,32,28,4,4,28
L,WC,22,4908438,441983.062,296,25,20,1,I,I,0,0,20,0,12,20,100,57,53,50,4,25,28
L,WC,23,4908570,441835.438,307,58,62,6,I,I,0,0,0,0,4,0,50,4,4,4,0,0,4
L,WC,24,4908955,441978.344,296,88,202,10,I,E,113,10,0,0,0,0,50,21,0,0,21,0,0
L,WC,25,4908790.5,442165.375,279,78,194,10,I,E,120,11,4,4,0,8,50,11,11,4,0,0,11
L,WC,26,4908678,442284.562,238,33,100,10,I,I,0,0,4,0,0,4,100,0,0,0,0,0,0
L,WC,27,4908576,442460,247,88,198,11,E,E,144,79,4,0,0,4,100,0,0,0,0,0,0
L,WC,28,4908479.5,442615.125,256,20,294,10,E,E,66,36,0,0,0,0,50,0,0,0,0,0,0
L,WC,29,4908347.5,442722.219,331,15,330,12,I,I,0,0,24,0,20,24,100,96,85,60,35,28,32
L,WC,30,4908232.5,442874.625,362,34,320,13,I,I,0,0,4,0,0,4,100,0,0,0,0,0,0
L,WC,31,4908113.5,443024.062,393,30,330,12,E,E,130,47,16,0,8,16,100,18,18,18,4,4,11
L,WC,32,4908536,443116.188,407,35,264,14,I,I,0,0,8,0,0,8,100,0,0,0,0,0,0
L,WC,33,4908654,442957.969,409,48,194,14,I,I,0,0,8,0,0,8,100,4,4,0,0,4,0
N,BC,1,5019048.5,437832.719,323,43,330,2,I,E,135,7,0,12,0,12,0,0,0,0,0,0,0
N,BC,2,5019250,437800.125,257,80,230,1,E,E,125,51,4,4,4,8,50,39,21,7,4,21,14
N,BC,3,5019445,437771.531,286,84,238,1,I,I,0,0,64,0,12,64,100,57,32,11,7,35,14
N,BC,4,5019643,437726.906,267,83,296,1,I,I,0,0,36,0,0,36,100,25,11,0,0,21,4
N,BC,5,5019829,437697.719,283,48,166,1,I,I,0,0,8,30,0,38,21,11,7,4,4,0,7
N,BC,6,5020485.5,437978.219,307,48,110,1,I,I,0,0,12,8,0,20,60,7,7,4,0,0,7
N,BC,7,5020292.5,438008.656,307,50,134,1,I,I,0,0,28,4,4,32,88,4,4,0,0,4,0
N,BC,8,5020080.5,438051.938,320,45,252,1,I,I,0,0,56,0,12,56,100,127,60,14,0,81,46
N,BC,9,5019906.5,438074.438,252,60,290,2,I,I,0,0,4,0,0,4,100,0,0,0,0,0,0
N,BC,10,5019704.5,438123.594,312,65,290,2,I,E,101,5,8,0,0,8,100,4,4,0,0,0,4
N,BC,11,5019509,438162.438,343,50,230,2,E,E,196,39,2,24,4,26,8,46,11,7,11,25,11
N,BC,12,5019330,438192.5,310,70,190,2,I,I,0,0,30,0,0,30,100,67,7,7,50,7,11
N,BC,13,5019124.5,438226.531,299,35,350,2,I,I,0,0,4,10,0,14,29,0,0,0,0,0,0
N,BC,14,5018936,438269.531,346,40,340,2,I,E,135,7,12,0,0,12,100,18,0,0,11,7,0
N,BC,15,5019008.5,438646.438,321,10,300,2,I,E,107,10,16,4,0,20,80,67,4,4,46,18,4
N,BC,16,5019194.5,438616.219,325,50,220,2,I,I,0,0,18,2,4,20,90,64,0,0,60,4,0
N,BC,17,5019390.5,438580.938,382,35,200,2,I,I,0,0,22,0,0,22,100,7,0,0,7,0,0
N,BC,18,5019570,438551.719,424,95,230,2,I,E,188,11,4,4,0,8,50,4,0,0,0,0,4
N,BC,19,5019754.5,438516.188,438,18,270,2,I,I,0,0,18,0,0,18,100,14,4,0,14,0,0
N,BC,20,5019961.5,438478.406,364,70,10,2,I,I,0,0,14,4,0,18,78,57,0,0,53,4,0
N,BC,21,5020157,438439.469,319,62,243,2,E,E,125,51,12,4,0,16,75,18,7,0,4,7,7
N,BC,22,5020346,438405.094,361,24,248,2,E,E,39,16,8,0,0,8,100,0,0,0,0,0,0
N,BC,23,5020544,438371.281,333,31,210,3,E,E,158,82,0,0,0,0,50,4,4,0,0,4,0
N,BC,24,5020738.5,438333.125,346,57,284,3,I,I,0,0,0,0,0,0,50,0,0,0,0,0,0
N,BC,25,5020928.5,438298.156,357,25,246,2,E,E,117,32,24,0,0,24,100,32,14,11,18,14,0
N,BC,26,5019451,438958.844,453,54,246,2,I,I,0,0,34,0,4,34,100,21,11,7,7,0,14
N,BC,27,5019638.5,438926.219,448,10,274,2,I,E,126,6,26,8,2,34,76,28,14,7,14,0,14
N,BC,28,5019830.5,438891.406,406,22,18,2,I,I,0,0,18,0,0,18,100,14,7,4,4,0,11
N,BC,29,5020035.5,438855.781,332,55,270,2,I,I,0,0,0,18,4,18,0,50,7,7,35,7,7
N,BC,30,5020219,438824.375,366,41,137,2,I,I,0,0,22,0,0,22,100,14,4,4,7,0,7
N,BC,31,5020392,438793.75,452,46,182,1,E,E,172,62,20,0,8,20,100,67,39,28,0,42,25
N,BC,32,5020594.5,438754.438,431,32,174,2,I,I,0,0,12,0,0,12,100,4,0,0,4,0,0
N,BC,33,5020782,438720.594,431,31,244,2,I,I,0,0,10,0,0,10,100,4,4,4,0,0,4
N,BC,34,5020998,438687.062,376,18,242,3,E,E,163,34,0,0,0,0,50,0,0,0,0,0,0
N,BC,35,5020269,439210.656,429,28,239,2,I,I,0,0,14,0,0,14,100,0,0,0,0,0,0
N,BC,36,5020088,439240.094,406,50,13,2,I,I,0,0,14,0,4,14,100,25,4,4,21,0,4
N,BC,37,5019903,439277.188,389,47,228,2,I,I,0,0,22,4,0,26,85,4,4,4,0,0,4
N,BC,38,5019708.5,439305,423,18,3,2,I,E,150,8,8,0,4,8,100,18,7,4,11,0,7
N,EC,1,5019047,450114.344,516,40,245,4,I,E,121,11,20,8,0,28,71,25,7,4,21,0,4
N,EC,2,5018967,450300.625,436,35,140,4,I,I,0,0,2,4,2,6,33,11,7,7,0,4,7
N,EC,3,5018891.5,450467.531,393,80,80,4,I,E,51,5,12,0,4,12,100,7,4,4,4,4,0
N,EC,4,5018815,450650.594,385,55,336,4,I,I,0,0,20,0,0,20,100,14,7,7,7,0,7
N,EC,5,5018743.5,450820.969,382,24,185,4,I,E,92,5,14,0,0,14,100,0,0,0,0,0,0
N,EC,6,5018958.5,451329.344,486,22,132,4,I,E,36,2,0,8,0,8,0,42,0,0,0,39,4
N,EC,7,5019034.5,451145.281,497,29,200,4,I,I,0,0,0,12,0,12,0,28,7,7,0,14,14
N,EC,8,5019106,450976.188,518,65,200,4,I,E,53,3,14,4,4,18,78,11,11,11,0,11,0
N,EC,9,5019177.5,450803.844,522,29,298,4,I,E,98,5,16,4,0,20,80,7,7,4,0,0,7
N,EC,10,5019241.5,450632.125,444,54,218,4,I,I,0,0,0,0,0,0,50,0,0,0,0,0,0
N,EC,11,5019323.5,450443.406,444,22,189,4,I,E,205,18,4,0,0,4,100,14,0,0,14,0,0
N,EC,12,5019400,450260.062,432,65,130,4,I,E,66,3,8,0,0,8,100,4,4,0,0,0,4
N,EC,13,5019469,450096.5,473,45,141,4,I,I,0,0,12,0,0,12,100,25,4,0,14,7,4
N,EC,14,5019533.5,449939.688,540,57,81,4,I,I,0,0,12,8,0,20,60,11,11,11,0,0,11
N,EC,15,5019601.5,449777.969,590,65,168,2,I,I,0,0,0,0,2,0,50,11,7,4,0,0,11
N,EC,16,5019374,451288.406,633,18,120,4,I,I,0,0,20,0,0,20,100,230,0,0,18,212,0
N,EC,17,5019440,451124.281,659,40,220,4,I,I,0,0,24,0,8,24,100,138,7,4,81,50,7
N,EC,18,5019514,450954.656,597,52,250,4,I,I,0,0,12,8,0,20,60,14,14,4,0,7,7
N,EC,19,5019594,450772.25,536,68,246,4,I,E,118,6,8,0,0,8,100,0,0,0,0,0,0
N,EC,20,5019672.5,450594.688,467,55,230,4,I,I,0,0,12,0,0,12,100,7,7,7,0,0,7
N,EC,21,5019731,450414.812,445,55,62,1,E,E,178,64,0,0,4,0,50,7,4,4,0,4,4
N,EC,22,5019794,450252.938,514,18,57,1,E,E,126,45,0,0,4,0,50,21,21,11,0,18,4
N,EC,23,5019870.5,450093.594,598,90,105,2,I,I,0,0,0,0,0,0,50,4,0,0,4,0,0
N,EC,24,5020214,450246.812,625,70,70,4,I,I,0,0,0,14,4,14,0,46,4,0,11,21,14
N,EC,25,5020151,450406.406,582,72,198,4,I,I,0,0,0,24,0,24,0,42,4,0,11,28,4
N,EC,26,5020091,450574.312,557,62,176,4,I,I,0,0,4,20,0,24,17,53,11,7,0,39,14
N,EC,27,5020023.5,450750.719,495,50,316,4,I,I,0,0,10,12,0,22,45,64,14,4,0,28,35
N,EC,28,5019947.5,450921.5,513,63,230,4,I,I,0,0,4,24,0,28,14,42,11,0,0,21,21
N,EC,29,5019858,451094,563,70,206,4,I,E,141,7,12,12,0,24,50,39,7,4,4,14,21
N,EC,30,5019770.5,451265.25,622,40,250,4,I,E,211,11,20,8,4,28,71,46,11,7,0,28,18
N,EC,31,5019710,451433.906,673,46,306,4,I,E,112,6,30,0,4,30,100,60,14,14,28,18,14
N,EC,32,5020202.5,451239.094,636,45,225,4,I,E,85,4,36,0,0,36,100,42,14,4,14,7,21
N,EC,33,5020268,451064.156,641,44,208,4,I,I,0,0,16,2,0,18,89,50,14,7,14,14,21
N,EC,34,5020333.5,450895.062,620,48,252,4,I,E,47,2,32,0,0,32,100,28,0,0,25,4,0
N,EC,35,5020417.5,450717.031,619,44,102,4,I,I,0,0,4,2,0,6,67,21,4,0,18,4,0
N,FC,1,5011728,430859.219,191,50,80,7,I,I,0,0,0,0,0,0,50,7,0,0,0,7,0
N,FC,2,5011889,430511,130,26,312,1,I,E,115,10,16,0,0,16,100,14,0,0,14,0,0
N,FC,3,5011983.5,430336.844,130,11,342,1,I,I,0,0,22,0,0,22,100,11,0,0,11,0,0
N,FC,4,5012417.5,430335.406,179,58,174,1,I,E,55,3,0,0,0,0,50,4,4,0,0,4,0
N,FC,5,5012327,430526.812,162,25,158,1,I,E,69,3,16,0,0,16,100,4,4,4,0,0,4
N,FC,6,5012254.5,430689.875,144,32,230,1,I,E,130,12,24,0,0,24,100,0,0,0,0,0,0
N,FC,7,5012170,430858.844,196,28,262,1,I,I,0,0,10,0,0,10,100,0,0,0,0,0,0
N,FC,8,5012087.5,431032.875,165,26,182,7,E,E,108,39,0,0,0,0,50,21,18,11,4,7,11
N,FC,9,5011997,431199.656,193,30,312,6,I,E,139,7,0,0,0,0,50,0,0,0,0,0,0
N,FC,10,5012423,431185.875,257,14,224,5,E,E,76,28,12,8,8,20,60,35,32,4,0,18,18
N,FC,11,5012510,431014.375,202,31,288,1,I,E,73,7,12,0,0,12,100,0,0,0,0,0,0
N,FC,12,5012586.5,430850.312,189,26,260,1,I,E,76,4,4,0,0,4,100,4,4,4,0,0,4
N,FC,13,5012676,430676.625,167,35,138,2,E,E,232,89,0,0,8,0,50,39,28,7,0,4,35
N,FC,14,5012759,430494.094,187,12,122,1,I,E,81,4,10,0,0,10,100,0,0,0,0,0,0
N,FC,15,5012833,430329.438,218,28,80,1,I,E,129,6,0,28,0,28,0,0,0,0,0,0,0
N,FC,16,5012914.5,430152.5,243,12,214,1,I,I,0,0,4,16,0,20,20,0,0,0,0,0,0
N,FC,17,5013325.5,430155.625,353,39,156,5,I,E,129,6,40,0,0,40,100,74,32,4,4,60,11
N,FC,18,5013245,430325,335,70,190,4,E,E,130,95,0,0,0,0,50,0,0,0,0,0,0
N,FC,19,5013167,430495.625,300,13,76,4,E,E,111,45,0,0,0,0,50,7,4,0,0,0,7
N,FC,20,5013095,430657.5,257,52,104,1,I,E,25,1,16,0,0,16,100,0,0,0,0,0,0
N,FC,21,5013023,430837.625,208,34,188,1,I,I,0,0,4,0,0,4,100,7,7,7,0,0,7
N,FC,22,5012937.5,431006.281,246,33,228,1,I,E,167,8,12,0,4,12,100,7,7,7,0,0,7
N,FC,23,5012849,431177.188,267,14,228,1,I,I,0,0,4,0,0,4,100,11,4,0,11,0,0
N,FC,24,5012759,431343.688,309,37,223,5,I,E,131,7,22,0,0,22,100,53,28,14,7,28,18
N,FC,25,5013570,430480.688,413,68,176,5,I,I,0,0,24,0,0,24,100,39,7,0,4,18,18
N,FC,26,5013498.5,430651.062,353,64,188,5,I,I,0,0,24,0,0,24,100,35,0,0,4,18,14
N,FC,27,5013436.5,430824.625,298,43,198,1,E,E,194,56,4,0,0,4,100,35,11,0,7,18,11
N,FC,28,5013336.5,430989,335,11,298,5,I,I,0,0,4,12,0,16,25,53,14,0,18,25,11
N,FC,29,5013243,431154.031,389,68,232,5,I,I,0,0,36,0,0,36,100,42,4,0,0,18,25
N,FC,30,5013169,431325.75,366,69,146,5,I,E,130,6,32,14,0,46,70,21,7,0,0,11,11
N,FC,31,5013077,431481.719,403,61,227,5,I,I,0,0,32,0,0,32,100,28,7,0,11,11,7
N,FC,32,5013476.5,431462.5,482,23,200,5,I,I,0,0,8,12,0,20,40,64,25,0,4,35,25
N,FC,33,5013568,431301.594,449,68,314,5,I,E,109,5,38,4,0,42,90,46,11,0,4,35,7
N,FC,34,5013653,431143.938,429,68,152,5,I,E,46,2,34,0,0,34,100,53,7,0,4,39,11
N,FC,35,5013721.5,430969.938,463,18,284,5,I,I,0,0,4,6,0,10,40,0,0,0,0,0,0
N,FN,1,5015715,460752.812,541,76,80,24,I,E,131,7,20,4,12,24,83,103,60,18,0,14,88
N,FN,2,5015823,460907.125,470,68,256,24,I,E,104,5,40,0,20,40,100,110,67,32,4,42,64
N,FN,3,5016010.5,460498.656,545,45,60,20,E,E,117,42,0,0,0,0,50,35,28,18,0,14,21
N,FN,4,5016118,460665.625,457,38,232,21,E,E,125,69,0,0,0,0,50,11,7,4,0,4,7
N,FN,5,5016247,460793,528,60,250,19,E,E,71,26,0,0,0,0,50,0,0,0,0,0,0
N,FN,6,5016756.5,460836.188,623,20,130,12,I,I,0,0,0,0,0,0,50,4,4,4,0,0,4
N,FN,7,5016641,460699.094,588,62,205,10,I,I,0,0,32,0,8,32,100,120,60,35,14,53,53
N,FN,8,5016518,460555.781,505,70,180,13,E,E,215,196,0,0,0,0,50,64,39,14,14,35,14
N,FN,9,5016403,460425.531,543,50,50,14,I,I,0,0,0,0,8,0,50,42,39,32,0,4,39
N,FN,10,5016291.5,460256.781,631,60,60,14,E,E,99,36,0,0,8,0,50,25,25,14,0,0,25
N,FN,11,5017137.5,460709.938,744,32,250,10,I,I,0,0,26,0,0,26,100,88,60,18,0,21,67
N,FN,12,5017031.5,460590.781,656,33,263,10,E,E,130,47,12,0,4,12,100,21,14,7,0,4,18
N,FN,13,5016914,460445.875,609,60,240,11,I,I,0,0,4,0,0,4,100,4,4,4,0,0,4
N,FN,14,5016796.5,460310.844,565,69,210,10,I,I,0,0,12,0,8,12,100,85,42,21,7,35,42
N,FN,15,5016688.5,460165.531,612,62,86,10,I,E,120,6,16,4,8,20,80,99,64,11,7,11,81
N,FN,16,5016573.5,460013.594,723,61,70,10,I,I,0,0,30,0,6,30,100,120,46,14,11,53,57
N,FN,17,5016463.5,459870.031,745,1,160,10,I,I,0,0,36,0,16,36,100,28,28,21,0,0,28
N,FN,18,5016645.5,459508.656,760,27,114,10,E,E,130,47,26,4,0,30,87,21,21,14,0,4,18
N,FN,19,5016750.5,459659.625,701,27,136,2,E,E,79,18,4,0,0,4,100,4,0,0,4,0,0
N,FN,20,5016873.5,459791.656,645,68,90,7,E,E,73,17,4,4,0,8,50,7,0,0,0,7,0
N,FN,21,5016993,459947.625,585,57,240,8,I,I,0,0,4,0,0,4,100,18,14,7,0,11,7
N,FN,22,5017106,460082.094,623,67,150,8,I,I,0,0,0,0,0,0,50,0,0,0,0,0,0
N,FN,23,5017214,460210.844,717,58,262,10,E,E,130,71,28,0,8,28,100,88,42,11,18,39,32
N,FN,24,5017328,460348.094,788,52,140,10,E,E,106,38,16,0,8,16,100,78,39,18,7,14,57
N,FN,25,5017431,460485.188,789,63,125,10,I,I,0,0,20,0,4,20,100,25,21,11,0,4,21
N,FN,26,5017536,460615.094,831,30,60,10,I,I,0,0,26,0,0,26,100,71,42,32,7,14,50
N,FN,27,5017597.5,460115.531,790,60,179,2,I,E,132,7,0,0,0,0,50,4,4,4,0,0,4
N,FN,28,5017485,459979.406,780,37,236,2,I,E,124,6,0,0,0,0,50,4,4,4,0,0,4
N,FN,29,5017382.5,459839.438,715,55,280,2,I,I,0,0,8,0,0,8,100,11,7,4,4,0,7
N,FN,30,5017274.5,459705.625,626,50,220,3,I,I,0,0,0,0,8,0,50,35,32,25,0,11,25
N,FN,31,5017159.5,459557.812,644,60,168,3,I,I,0,0,0,0,0,0,50,18,14,11,0,7,11
N,FN,32,5017035.5,459419.125,691,50,115,3,I,I,0,0,0,0,0,0,50,25,14,0,0,4,21
N,FN,33,5017417.5,459335.562,735,62,156,1,I,I,0,0,24,8,20,32,75,106,67,39,11,35,60
N,FN,34,5017541.5,459475.406,725,60,104,2,E,E,134,48,22,0,4,22,100,53,21,11,0,21,32
N,FN,35,5017652.5,459613.906,762,56,170,2,I,E,192,10,8,0,4,8,100,4,4,4,0,0,4
N,FN,36,5017755.5,459750.594,797,55,210,2,I,E,117,6,4,0,0,4,100,0,0,0,0,0,0
N,HC,1,5010851,426988.812,179,56,135,1,I,I,0,0,8,18,0,26,31,46,14,4,18,18,11
N,HC,2,5010728.5,427126.406,105,42,130,1,I,I,0,0,12,24,0,36,33,28,21,0,0,25,4
N,HC,3,5010946,427495.312,139,27,214,8,E,E,37,8,12,0,0,12,100,0,0,0,0,0,0
N,HC,4,5011044.5,427332.5,106,47,316,8,E,E,125,51,12,0,0,12,100,0,0,0,0,0,0
N,HC,5,5011165,427182.906,167,47,109,2,I,I,0,0,0,0,0,0,50,0,0,0,0,0,0
N,HC,6,5011272,427053,257,60,142,3,I,I,0,0,0,0,0,0,50,0,0,0,0,0,0
N,HC,7,5011489.5,427409.875,227,65,140,3,I,I,0,0,4,0,0,4,100,4,0,0,0,4,0
N,HC,8,5011367.5,427551.969,100,21,222,1,E,E,229,135,0,0,0,0,50,60,14,7,4,57,0
N,HC,9,5011272.5,427709.531,160,20,292,4,I,I,0,0,4,0,0,4,100,0,0,0,0,0,0
N,HC,10,5011391,428241.844,260,75,340,1,E,E,127,46,16,0,0,16,100,4,0,0,4,0,0
N,HC,11,5011490.5,428084.5,213,25,360,5,I,I,0,0,24,0,0,24,100,7,0,0,0,7,0
N,HC,12,5011602,427922.5,162,30,310,5,E,E,185,67,4,0,0,4,100,4,0,0,0,0,4
N,HC,13,5011702.5,427768.562,185,16,134,3,I,I,0,0,0,0,0,0,50,0,0,0,0,0,0
N,HC,14,5011808.5,427606.938,172,8,118,1,E,E,171,78,20,4,0,24,83,0,0,0,0,0,0
N,HC,15,5011910.5,427455.344,207,36,144,1,I,I,0,0,16,20,0,36,44,103,60,0,39,64,0
N,HC,16,5012021.5,427311.312,268,53,212,1,I,I,0,0,20,16,0,36,56,46,11,0,7,39,0
N,HC,17,5012430.5,427359.406,320,30,182,1,I,E,190,9,20,0,4,20,100,50,4,0,18,25,7
N,HC,18,5012335.5,427504.656,247,19,170,1,I,I,0,0,12,18,4,30,40,53,4,0,14,35,4
N,HC,19,5012238,427670.812,302,55,252,1,I,E,99,5,20,8,8,28,71,117,32,14,7,96,14
N,HC,20,5012134.5,427822.562,302,42,160,1,I,E,127,6,36,4,0,40,90,173,28,4,39,85,50
N,HC,21,5012028,427985.094,208,36,138,1,I,I,0,0,0,22,0,22,0,81,7,0,25,32,25
N,HC,22,5011922.5,428137.5,192,47,138,6,I,I,0,0,0,0,0,0,50,0,0,0,0,0,0
N,HC,23,5011818.5,428296.031,241,72,318,7,I,I,0,0,0,0,0,0,50,0,0,0,0,0,0
N,HC,24,5011718.5,428454.094,296,56,180,1,I,I,0,0,20,12,0,32,63,88,18,0,18,46,25
N,HC,25,5012531.5,427879.906,358,52,334,1,I,I,0,0,34,0,0,34,100,92,14,0,18,64,11
N,HC,26,5012439,428029.5,371,42,190,1,I,I,0,0,40,0,8,40,100,170,53,14,14,127,28
N,HC,27,5012329,428197.156,357,61,286,1,I,E,118,6,0,12,4,12,0,96,0,0,4,88,4
N,HC,28,5012236,428342.969,312,52,164,1,I,I,0,0,20,8,0,28,71,53,18,7,0,42,11
N,HC,29,5012135.5,428500.5,245,58,258,7,E,E,130,100,8,0,0,8,100,7,4,0,4,4,0
N,HC,30,5012537,428560.688,448,10,242,1,I,I,0,0,24,0,0,24,100,50,18,4,4,42,4
N,HC,31,5012641.5,428417.438,437,8,2,1,I,I,0,0,40,0,0,40,100,117,4,0,42,39,35
N,HC,32,5012749.5,428254.688,413,8,280,1,I,I,0,0,40,0,4,40,100,85,39,14,7,53,25
N,HC,33,5012956.5,428633.125,431,5,208,1,I,E,102,5,4,4,0,8,50,32,4,0,4,11,18
N,MC,1,5019642,448152.031,429,62,40,3,E,E,180,95,4,0,0,4,100,14,0,0,11,0,4
N,MC,2,5019824,448140.969,395,79,20,1,I,I,0,0,10,0,0,10,100,39,28,7,11,18,11
N,MC,3,5020026,448117.625,338,46,324,1,I,E,107,5,54,0,0,54,100,42,11,7,4,21,18
N,MC,4,5020209,448106.812,345,74,146,1,I,E,115,6,54,8,4,62,87,67,35,18,11,32,25
N,MC,5,5020403,448114.062,349,86,90,1,I,I,0,0,36,0,22,36,100,53,25,21,0,14,39
N,MC,6,5020578,448111.562,343,108,250,1,I,I,0,0,12,4,8,16,75,7,7,7,0,0,7
N,MC,7,5020749.5,448125.125,453,78,220,1,I,E,113,6,36,4,34,40,90,57,57,46,4,0,53
N,MC,8,5020742,448523.781,518,58,100,4,I,E,51,3,4,0,4,4,100,7,7,7,0,0,7
N,MC,9,5020586,448516.156,455,72,118,4,I,I,0,0,0,8,8,8,0,18,14,14,0,0,18
N,MC,10,5020417,448510.125,361,98,130,4,E,E,122,67,2,0,0,2,100,18,7,7,0,11,7
N,MC,11,5020225,448518.344,376,110,316,1,I,E,117,6,28,0,0,28,100,42,14,14,0,11,32
N,MC,12,5020036.5,448511,357,46,198,4,I,E,98,5,0,0,0,0,50,0,0,0,0,0,0
N,MC,13,5019844,448521.562,351,52,32,3,I,I,0,0,4,2,8,6,67,7,7,7,0,0,7
N,MC,14,5019647,448554.156,448,8,25,3,E,E,206,39,4,20,2,24,17,28,0,0,25,4,0
N,MC,15,5019660,448918.938,446,70,310,3,I,I,0,0,12,0,0,12,100,14,0,0,11,4,0
N,MC,16,5019859,448902.844,377,11,291,3,E,E,120,28,0,14,0,14,0,0,0,0,0,0,0
N,MC,17,5020039,448903.281,409,70,170,4,E,E,159,21,4,0,4,4,100,4,4,4,0,0,4
N,MC,18,5020201,448914.5,518,65,170,3,I,I,0,0,38,0,0,38,100,21,0,0,7,14,0
N,MC,19,5020402,448901.562,478,70,300,3,I,I,0,0,20,0,4,20,100,14,7,7,0,7,7
N,MC,20,5020567.5,448897.469,449,75,315,3,I,I,0,0,16,0,0,16,100,60,4,4,46,11,4
N,MC,21,5020758,448894.312,498,70,240,3,I,I,0,0,16,0,0,16,100,46,0,0,25,21,0
N,MC,22,5020714,449278.031,663,55,160,3,I,I,0,0,24,0,6,24,100,57,18,7,42,0,14
N,MC,23,5020544.5,449281.906,608,65,230,3,I,I,0,0,32,0,4,32,100,25,7,4,11,4,11
N,MC,24,5020382,449288.688,582,65,275,3,I,I,0,0,28,0,0,28,100,32,0,0,11,21,0
N,MC,25,5020208,449290.188,576,65,280,3,I,I,0,0,20,0,0,20,100,32,0,0,14,18,0
N,MC,26,5020033.5,449295.531,490,65,160,3,I,I,0,0,16,0,4,16,100,81,11,11,71,0,11
N,MC,27,5019858.5,449316.125,474,70,310,3,I,E,102,9,24,0,0,24,100,14,4,4,4,4,7
N,MC,28,5019845.5,449685.438,595,25,340,3,E,E,121,33,0,4,0,4,0,11,11,0,0,7,4
N,MC,29,5020029,449683.594,544,24,298,3,I,E,144,13,0,4,0,4,0,4,0,0,4,0,0
N,MC,30,5020211,449657.938,582,60,242,3,I,I,0,0,22,0,0,22,100,4,0,0,4,0,0
N,MC,31,5020384,449652.219,644,59,138,3,I,E,180,12,4,0,0,4,100,11,0,0,11,0,0
N,MC,32,5020531,449642.875,723,29,176,3,I,I,0,0,4,0,0,4,100,4,0,0,4,0,0
N,MC,33,5020549.5,450006.906,683,79,354,3,I,I,0,0,12,0,0,12,100,11,0,0,11,0,0
N,MC,34,5020363,450011.562,728,52,241,3,I,I,0,0,4,0,0,4,100,4,0,0,4,0,0
N,MC,35,5020199,450018.656,686,46,218,3,I,E,116,10,8,0,0,8,100,4,0,0,4,0,0
N,NC,1,5007457,449126.75,381,70,136,1,I,I,0,0,8,32,16,40,20,39,35,28,7,7,25
N,NC,2,5007399.5,449302.375,365,13,58,1,I,I,0,0,40,4,4,44,91,67,42,11,14,32,21
N,NC,3,5007353,449485.844,279,22,78,1,I,E,87,4,0,8,0,8,0,11,11,11,0,4,7
N,NC,4,5007279.5,449664.344,350,30,312,1,I,I,0,0,36,8,12,44,82,131,67,42,18,50,64
N,NC,5,5007217,449851.188,336,28,120,1,I,I,0,0,20,0,4,20,100,21,18,7,0,18,4
N,NC,6,5006800,449907.875,342,90,88,1,I,I,0,0,4,12,0,16,25,28,11,7,0,11,18
N,NC,7,5006842.5,449724.906,466,31,296,1,I,I,0,0,60,0,4,60,100,117,35,18,18,50,50
N,NC,8,5006923.5,449559.625,329,47,340,2,E,E,132,121,4,0,0,4,100,18,18,7,0,7,11
N,NC,9,5006986.5,449368.094,287,47,46,1,I,E,116,6,0,0,4,0,50,25,25,25,18,0,7
N,NC,10,5007048.5,449185.844,330,47,98,1,I,E,187,11,30,0,0,30,100,7,0,0,0,4,4
N,NC,11,5007115.5,449002.875,385,95,86,1,I,E,160,8,12,12,0,24,50,21,4,4,0,18,4
N,NC,12,5007169.5,448835,461,70,194,1,I,I,0,0,36,0,8,36,100,113,35,21,21,53,39
N,NC,13,5006415.5,449776.219,434,68,114,1,I,I,0,0,8,12,8,20,40,39,25,7,0,14,25
N,NC,14,5006481,449592.906,461,28,316,3,E,E,101,43,0,0,28,0,50,28,28,28,0,0,28
N,NC,15,5006552.5,449409.75,328,81,298,2,I,I,0,0,0,0,8,0,50,46,39,21,0,32,14
N,NC,16,5006614,449230.688,304,34,322,2,E,E,89,81,0,0,0,0,50,11,11,7,0,4,7
N,NC,17,5006678.5,449048.219,316,11,82,1,I,E,148,7,4,8,4,12,33,11,4,4,0,7,4
N,NC,18,5006739.5,448874.094,348,33,118,1,I,I,0,0,12,0,0,12,100,7,7,4,0,0,7
N,NC,19,5006793.5,448696.344,392,9,52,1,I,E,205,10,32,0,12,32,100,156,81,42,7,71,78
N,NC,20,5006860.5,448505.5,384,22,136,1,I,I,0,0,28,0,8,28,100,117,74,32,7,60,50
N,NC,21,5006922.5,448333.312,423,90,96,1,I,I,0,0,0,0,0,0,50,14,11,7,4,7,4
N,NC,22,5006560.5,448229.219,517,75,95,1,I,I,0,0,16,6,20,22,73,103,53,42,11,42,50
N,NC,23,5006500,448401.406,393,30,120,1,I,E,183,9,8,0,10,8,100,81,57,28,11,32,39
N,NC,24,5006439.5,448572.719,410,38,20,1,I,E,89,4,18,8,16,26,69,46,32,25,4,11,32
N,NC,25,5006374.5,448743.281,341,37,114,6,I,I,0,0,0,0,0,0,50,4,4,4,0,0,4
N,NC,26,5006314.5,448916.5,286,14,132,6,I,I,0,0,0,0,0,0,50,0,0,0,0,0,0
N,NC,27,5006253.5,449114.969,320,16,279,5,E,E,132,121,0,0,0,0,50,60,50,11,4,35,21
N,NC,28,5006211,449291.531,357,39,292,1,E,E,215,138,4,16,2,20,20,28,18,7,7,11,11
N,NC,29,5006122,449471.719,445,5,210,1,I,E,115,6,16,0,8,16,100,39,32,25,0,4,35
N,NC,30,5006061,449641.25,458,58,107,1,I,I,0,0,30,0,0,30,100,25,14,4,18,4,4
N,NC,31,5005700.5,449516.219,448,38,82,4,I,I,0,0,4,0,0,4,100,11,7,0,0,0,11
N,NC,32,5005756.5,449344.531,438,13,30,4,I,I,0,0,0,0,0,0,50,25,21,14,0,4,21
N,NC,33,5005825.5,449155.375,432,110,4,1,I,E,127,6,2,0,0,2,100,35,0,0,18,11,7
N,NC,34,5005878.5,448974.188,342,44,304,1,I,I,0,0,18,12,0,30,60,18,14,11,0,7,11
N,NC,35,5005953,448799.75,328,54,122,1,I,E,87,4,4,10,0,14,29,7,4,0,0,7,0
N,NC,36,5006006,448617.344,368,30,65,6,E,E,129,94,4,0,0,4,100,25,11,4,7,4,14
N,NC,37,5006071,448448.812,420,4,6,1,E,E,113,83,0,22,12,22,0,127,81,57,25,21,81
N,NC,38,5006136.5,448264.844,436,76,84,1,I,E,155,8,14,4,14,18,78,53,25,21,4,18,32
N,OC,1,5002534.5,442173.5,399,27,294,1,I,I,0,0,32,4,12,36,89,92,46,42,11,35,46
N,OC,2,5002410.5,442008.344,388,14,10,1,I,I,0,0,12,16,16,28,43,60,42,39,4,21,35
N,OC,3,5002292,441856.844,350,46,208,1,I,E,125,6,16,0,16,16,100,85,35,35,4,35,46
N,OC,4,5002175,441700.156,303,46,62,1,I,I,0,0,26,12,28,38,68,74,71,42,0,11,64
N,OC,5,5002054.5,441551,347,16,70,1,I,I,0,0,0,20,8,20,0,71,46,35,0,11,60
N,OC,6,5001935,441417.125,406,47,38,1,E,E,51,37,12,0,14,12,100,117,71,42,39,32,46
N,OC,7,5001741,441797.469,413,74,342,1,I,I,0,0,20,4,12,24,83,120,39,32,11,67,42
N,OC,8,5001889,441945.75,341,37,320,1,I,I,0,0,8,4,2,12,67,39,35,28,0,14,25
N,OC,9,5001982.5,442106.188,429,75,288,1,I,I,0,0,12,0,4,12,100,159,32,32,28,92,39
N,OC,10,5002101,442257.562,428,16,30,1,I,I,0,0,8,0,0,8,100,11,7,7,0,7,4
N,OC,11,5002223.5,442417.062,458,27,180,1,I,E,107,10,20,0,8,20,100,64,28,28,0,28,35
N,OC,12,5002340.5,442568.625,490,16,190,1,I,I,0,0,26,4,12,30,87,85,46,46,0,21,64
N,OC,13,5002453,442715.094,526,17,72,1,I,I,0,0,30,0,16,30,100,117,60,46,4,39,74
N,OC,14,5002574,442869.125,533,45,288,1,I,I,0,0,26,0,8,26,100,134,64,32,7,35,92
N,OC,15,5002039.5,442818.281,458,39,295,1,I,I,0,0,20,4,8,24,83,156,50,39,25,32,99
N,OC,16,5001916.5,442658.281,447,46,315,1,I,E,76,7,28,0,8,28,100,106,57,53,0,39,67
N,OC,17,5001795,442496.75,400,8,224,2,E,E,74,33,4,0,4,4,100,11,11,7,0,0,11
N,OC,18,5001671.5,442346.531,397,4,93,2,I,I,0,0,4,0,0,4,100,4,0,0,0,0,4
N,OC,19,5001559,442199.188,397,15,347,2,I,I,0,0,8,0,4,8,100,11,11,7,0,4,7
N,OC,20,5001433,442046.875,404,2,31,2,E,E,94,34,0,0,8,0,50,14,11,11,0,0,14
N,OC,21,5001321.5,441904.062,433,30,168,1,I,I,0,0,14,4,0,18,78,81,64,39,0,25,57
N,OC,22,5001015,442136.875,453,28,97,1,I,I,0,0,16,12,4,28,57,88,50,42,4,18,67
N,OC,23,5001131,442286.25,420,40,85,1,E,E,199,44,4,16,4,20,20,42,21,4,0,7,35
N,OC,24,5001248.5,442433.906,398,16,224,2,I,I,0,0,0,0,0,0,50,18,18,18,0,7,11
N,OC,25,5001366.5,442582.781,395,9,224,2,I,I,0,0,0,0,0,0,50,0,0,0,0,0,0
N,OC,26,5001485,442733.812,407,15,224,2,E,E,101,36,0,0,4,0,50,11,11,11,0,4,7
N,OC,27,5001303,443146.062,417,20,16,1,E,E,71,26,12,0,4,12,100,18,14,14,0,4,14
N,OC,28,5001167.5,442979,426,21,312,2,E,E,162,66,0,4,0,4,0,18,14,14,0,4,14
N,OC,29,5001064,442830.125,447,7,298,1,I,I,0,0,30,0,0,30,100,18,7,0,4,4,11
N,OC,30,5000937,442681.469,425,27,322,2,I,I,0,0,0,0,0,0,50,0,0,0,0,0,0
N,OC,31,5000822.5,442528.188,444,47,2,1,I,I,0,0,0,8,0,8,0,25,11,7,0,14,11
N,OC,32,5000711,442380.438,459,43,76,1,I,E,48,2,8,4,0,12,67,21,11,0,0,18,4
N,OC,33,5000414.5,442616.531,503,18,258,1,I,I,0,0,14,0,0,14,100,32,7,7,4,21,7
N,OC,34,5000530.5,442758.375,517,42,278,1,I,I,0,0,38,0,14,38,100,99,50,28,14,42,42
N,TC,1,5010077.5,438263.719,398,70,80,1,I,I,0,0,38,34,16,72,53,32,18,18,0,11,21
N,TC,2,5010068.5,438447.094,334,70,170,1,I,E,121,6,4,24,16,28,14,25,18,18,0,11,14
N,TC,3,5010051.5,438644.312,293,20,50,1,I,I,0,0,0,32,0,32,0,25,18,0,0,18,7
N,TC,4,5010018,438844.656,322,40,0,1,I,I,0,0,28,4,4,32,88,39,35,11,7,25,7
N,TC,5,5009997,439023.875,305,60,220,1,I,I,0,0,12,4,8,16,75,25,11,11,0,11,14
N,TC,6,5009964,439209.906,358,65,165,1,I,I,0,0,16,16,4,32,50,18,7,7,0,11,7
N,TC,7,5009561,439349.25,404,80,40,1,I,I,0,0,0,12,4,12,0,14,11,11,4,7,4
N,TC,8,5009581.5,439166.469,446,77,25,1,I,I,0,0,8,14,12,22,36,42,35,35,4,7,32
N,TC,9,5009596.5,438980.781,446,47,295,1,I,I,0,0,8,12,8,20,40,39,35,25,0,14,25
N,TC,10,5009632.5,438791.312,414,54,335,1,I,I,0,0,12,8,8,20,60,28,28,14,0,14,14
N,TC,11,5009655,438606.281,415,60,130,1,I,I,0,0,24,12,0,36,67,21,11,11,0,11,11
N,TC,12,5009673.5,438416.219,464,45,306,1,I,E,121,6,32,4,8,36,89,32,28,18,0,7,25
N,TC,13,5009707.5,438214.344,381,109,283,1,I,I,0,0,0,4,0,4,0,7,7,0,0,4,4
N,TC,14,5009714,438044.25,450,42,116,1,I,E,104,5,16,8,0,24,67,85,21,0,11,60,14
N,TC,15,5009362.5,437828.969,536,27,24,1,I,I,0,0,12,20,16,32,38,50,21,11,4,35,11
N,TC,16,5009342,438010.219,511,60,354,1,I,E,81,4,8,16,4,24,33,25,14,4,4,14,7
N,TC,17,5009313.5,438191.219,533,40,62,1,I,E,140,7,4,24,0,28,14,18,4,0,0,18,0
N,TC,18,5009288,438381.438,531,80,34,1,I,E,214,11,16,4,0,20,80,18,4,0,7,11,0
N,TC,19,5009264,438567.5,561,72,22,1,I,E,115,6,12,16,0,28,43,117,4,0,0,110,7
N,TC,20,5009240,438753.188,576,55,326,1,I,E,157,8,24,12,4,36,67,78,32,11,7,46,25
N,TC,21,5009214.5,438931.094,595,44,10,1,I,E,101,5,24,0,4,24,100,177,60,4,21,131,25
N,TC,22,5009190,439110.531,596,50,62,1,I,E,125,6,32,0,12,32,100,110,71,18,28,57,25
N,TC,23,5009172.5,439292.469,533,45,130,1,I,I,0,0,4,16,8,20,20,53,35,28,0,32,21
N,TC,24,5009151,439489.625,503,40,332,1,I,I,0,0,24,0,8,24,100,39,25,18,0,11,28
N,TC,25,5008969.5,437971.594,574,24,184,1,I,I,0,0,32,6,0,38,84,216,25,4,21,177,18
N,TC,26,5008952,438154.938,588,16,252,1,I,I,0,0,16,0,0,16,100,92,18,0,4,88,0
N,TC,27,5008923.5,438338.625,606,12,110,1,I,I,0,0,32,0,0,32,100,163,25,7,28,120,14
N,TC,28,5008902.5,438531.062,618,10,320,1,I,I,0,0,32,4,0,36,89,166,28,0,39,113,14
N,TC,29,5008875,438712.031,640,19,268,1,I,I,0,0,8,0,0,8,100,96,18,7,4,81,11
N,TC,30,5008851.5,438881.938,640,8,110,1,I,I,0,0,16,0,0,16,100,117,14,0,28,78,11
N,TC,31,5008831,439060.375,658,10,290,1,I,I,0,0,36,0,12,36,100,134,11,7,7,103,25
N,TC,32,5008807,439246.125,602,110,20,1,I,I,0,0,12,8,0,20,60,18,7,7,0,11,7
N,TC,33,5008780.5,439433.125,557,85,24,1,I,I,0,0,4,20,4,24,17,32,18,11,4,18,11
N,TC,34,5008755.5,439612.219,579,68,254,1,I,I,0,0,0,40,0,40,0,25,11,7,0,18,7
N,TC,35,5008736,439781.688,551,73,348,1,I,I,0,0,4,20,8,24,17,50,25,11,4,21,25
N,TC,36,5008376,439729.562,651,40,317,1,I,I,0,0,32,0,4,32,100,96,25,0,35,35,25
N,TC,37,5008398,439548.969,687,55,5,1,I,I,0,0,16,0,10,16,100,92,46,4,42,42,7
N,TU,1,5012019,440164.875,300,43,124,2,I,E,157,8,12,0,0,12,100,4,4,0,0,0,4
N,TU,2,5011955.5,440355.469,260,12,80,2,I,I,0,0,4,0,0,4,100,0,0,0,0,0,0
N,TU,3,5011865.5,440521,240,20,28,3,E,E,267,72,0,2,0,2,0,11,0,0,0,11,0
N,TU,4,5011403,440772.75,275,32,46,2,I,E,127,11,4,0,0,4,100,0,0,0,0,0,0
N,TU,5,5011464,440593.188,266,22,254,2,I,I,0,0,4,0,0,4,100,14,14,7,0,0,14
N,TU,6,5011527,440412.406,242,18,38,2,E,E,182,33,4,0,0,4,100,14,14,11,0,4,11
N,TU,7,5011586.5,440233.094,271,45,182,2,I,E,129,6,4,0,0,4,100,0,0,0,0,0,0
N,TU,8,5011653,440037.75,325,74,138,1,I,I,0,0,4,12,4,16,25,28,25,18,4,7,18
N,TU,9,5011284.5,439920.344,343,35,12,1,I,I,0,0,0,8,16,8,0,50,42,35,0,11,39
N,TU,10,5011217.5,440109.875,285,38,39,1,E,E,66,27,18,4,16,22,82,71,64,50,4,7,60
N,TU,11,5011153.5,440289.969,278,57,298,2,I,E,84,8,2,0,0,2,100,7,7,7,0,0,7
N,TU,12,5011099,440464.125,327,42,322,2,I,E,181,14,0,0,10,0,50,28,28,21,0,0,28
N,TU,13,5011039.5,440648.906,325,45,354,2,I,I,0,0,4,0,4,4,100,7,7,7,0,0,7
N,TU,14,5010979,440824.688,326,26,54,2,I,I,0,0,4,4,0,8,50,7,7,7,0,0,7
N,TU,15,5010676,440519.438,374,45,122,2,E,E,127,46,0,12,6,12,0,32,18,7,0,4,28
N,TU,16,5010740,440342.656,360,29,302,2,I,E,169,8,4,0,0,4,100,0,0,0,0,0,0
N,TU,17,5010792.5,440156.969,292,45,294,2,I,E,73,7,4,0,0,4,100,7,7,4,0,0,7
N,TU,18,5010855.5,439982.469,319,58,126,2,I,I,0,0,0,0,0,0,50,18,14,14,4,0,14
N,TU,19,5010918.5,439791.875,321,43,52,2,E,E,59,21,4,0,0,4,100,0,0,0,0,0,0
N,TU,20,5010977,439618.125,376,50,141,1,I,I,0,0,18,12,16,30,60,50,42,35,4,11,35
N,TU,21,5010577,439667.938,417,65,10,1,I,I,0,0,0,36,12,36,0,25,21,18,0,4,21
N,TU,22,5010496,439856.688,346,65,290,1,I,I,0,0,12,20,0,32,38,11,4,0,0,7,4
N,TU,23,5010435.5,440032.844,362,90,60,1,I,E,149,7,12,8,0,20,60,14,0,0,0,11,4
N,TU,24,5010374,440215.188,343,20,280,1,I,E,149,7,0,10,4,10,0,11,7,7,0,0,11
N,TU,25,5010324.5,440380.562,411,75,300,1,I,E,200,10,16,22,12,38,42,85,53,18,18,46,21
N,TU,26,5009958.5,440462.875,415,44,20,1,I,I,0,0,8,12,0,20,40,35,14,11,0,35,0
N,TU,27,5010005,440283.094,468,26,136,1,I,I,0,0,12,12,28,24,50,99,67,28,0,67,32
N,TU,28,5010056,440102.188,456,55,304,1,I,E,148,7,8,16,12,24,33,32,18,14,0,18,14
N,TU,29,5010102,439923.906,395,57,80,1,I,I,0,0,8,16,8,24,33,32,21,11,0,11,21
N,TU,30,5010164,439755.281,440,59,342,1,I,E,69,3,0,16,12,16,0,32,25,11,0,18,14
N,TU,31,5010214.5,439561.312,466,62,122,1,I,I,0,0,4,28,20,32,13,81,46,39,0,35,46
N,TU,32,5009795.5,439646.406,476,55,104,1,I,I,0,0,16,16,16,32,50,53,32,28,0,25,28
N,TU,33,5009750,439826.438,487,45,330,1,I,I,0,0,12,12,12,24,50,25,21,21,0,4,21
N,TU,34,5009705,439992.875,499,47,148,1,I,E,131,7,4,20,20,24,17,74,71,67,0,11,64
N,TU,35,5009646,440183.625,463,62,165,1,I,I,0,0,0,12,4,12,0,14,7,4,0,7,7
N,TU,36,5009265,440082.75,463,60,312,1,I,I,0,0,10,30,12,40,25,21,14,11,0,11,11
N,TU,37,5009326,439899.906,477,26,4,1,I,I,0,0,0,12,0,12,0,39,11,4,0,35,4
